exp,execution,benchmark,size_of_data,schedule,chunk_size,num_threads,version,num_threads,N,ORIG,OMP
experimento,1,vectoradd,1048576,STATIC,16,1,OMP,1,1048576,8148708,33565382
experimento,2,vectoradd,1048576,STATIC,16,1,OMP,1,1048576,7768481,30707079
experimento,3,vectoradd,1048576,STATIC,16,1,OMP,1,1048576,8734431,27349830
experimento,4,vectoradd,1048576,STATIC,16,1,OMP,1,1048576,8960452,29171700
experimento,5,vectoradd,1048576,STATIC,16,1,OMP,1,1048576,9009963,31723866
experimento,6,vectoradd,1048576,STATIC,16,1,OMP,1,1048576,8273873,26549034
experimento,7,vectoradd,1048576,STATIC,16,1,OMP,1,1048576,9001972,27846142
experimento,8,vectoradd,1048576,STATIC,16,1,OMP,1,1048576,5643511,27396987
experimento,9,vectoradd,1048576,STATIC,16,1,OMP,1,1048576,5657649,26186975
experimento,10,vectoradd,1048576,STATIC,16,1,OMP,1,1048576,7407071,24813936
experimento,1,vectoradd,1048576,STATIC,32,1,OMP,1,1048576,6692937,25397926
experimento,2,vectoradd,1048576,STATIC,32,1,OMP,1,1048576,7696669,26015431
experimento,3,vectoradd,1048576,STATIC,32,1,OMP,1,1048576,7218359,26345322
experimento,4,vectoradd,1048576,STATIC,32,1,OMP,1,1048576,8962685,25811220
experimento,5,vectoradd,1048576,STATIC,32,1,OMP,1,1048576,8371989,25653130
experimento,6,vectoradd,1048576,STATIC,32,1,OMP,1,1048576,6400043,25860528
experimento,7,vectoradd,1048576,STATIC,32,1,OMP,1,1048576,9145350,26131509
experimento,8,vectoradd,1048576,STATIC,32,1,OMP,1,1048576,7868423,25620757
experimento,9,vectoradd,1048576,STATIC,32,1,OMP,1,1048576,8749313,26246072
experimento,10,vectoradd,1048576,STATIC,32,1,OMP,1,1048576,8575170,32528106
experimento,1,vectoradd,1048576,STATIC,64,1,OMP,1,1048576,8875719,28748735
experimento,2,vectoradd,1048576,STATIC,64,1,OMP,1,1048576,8336274,27348802
experimento,3,vectoradd,1048576,STATIC,64,1,OMP,1,1048576,8018982,26007281
experimento,4,vectoradd,1048576,STATIC,64,1,OMP,1,1048576,8399495,27539720
experimento,5,vectoradd,1048576,STATIC,64,1,OMP,1,1048576,6889100,25883685
experimento,6,vectoradd,1048576,STATIC,64,1,OMP,1,1048576,8769523,26108263
experimento,7,vectoradd,1048576,STATIC,64,1,OMP,1,1048576,8580698,27175080
experimento,8,vectoradd,1048576,STATIC,64,1,OMP,1,1048576,7827778,26218582
experimento,9,vectoradd,1048576,STATIC,64,1,OMP,1,1048576,7730800,28293360
experimento,10,vectoradd,1048576,STATIC,64,1,OMP,1,1048576,9189562,28008124
experimento,1,vectoradd,1048576,STATIC,128,1,OMP,1,1048576,8101644,26301816
experimento,2,vectoradd,1048576,STATIC,128,1,OMP,1,1048576,7251832,27352538
experimento,3,vectoradd,1048576,STATIC,128,1,OMP,1,1048576,8585464,33736737
experimento,4,vectoradd,1048576,STATIC,128,1,OMP,1,1048576,8235562,30810768
experimento,5,vectoradd,1048576,STATIC,128,1,OMP,1,1048576,8263829,26318652
experimento,6,vectoradd,1048576,STATIC,128,1,OMP,1,1048576,8452301,25373257
experimento,7,vectoradd,1048576,STATIC,128,1,OMP,1,1048576,7466623,27828178
experimento,8,vectoradd,1048576,STATIC,128,1,OMP,1,1048576,6301745,25972361
experimento,9,vectoradd,1048576,STATIC,128,1,OMP,1,1048576,8696547,25516078
experimento,10,vectoradd,1048576,STATIC,128,1,OMP,1,1048576,7272839,25218830
experimento,1,vectoradd,1048576,STATIC,256,1,OMP,1,1048576,9238114,25230902
experimento,2,vectoradd,1048576,STATIC,256,1,OMP,1,1048576,8009318,26006743
experimento,3,vectoradd,1048576,STATIC,256,1,OMP,1,1048576,7224186,25247809
experimento,4,vectoradd,1048576,STATIC,256,1,OMP,1,1048576,8810181,25829937
experimento,5,vectoradd,1048576,STATIC,256,1,OMP,1,1048576,8032307,26709357
experimento,6,vectoradd,1048576,STATIC,256,1,OMP,1,1048576,6474639,26267731
experimento,7,vectoradd,1048576,STATIC,256,1,OMP,1,1048576,9023093,27305572
experimento,8,vectoradd,1048576,STATIC,256,1,OMP,1,1048576,9067235,25353102
experimento,9,vectoradd,1048576,STATIC,256,1,OMP,1,1048576,7114699,27822027
experimento,10,vectoradd,1048576,STATIC,256,1,OMP,1,1048576,8525460,34025442
experimento,1,vectoradd,1048576,DYNAMIC,16,1,OMP,1,1048576,9763898,7265139
experimento,2,vectoradd,1048576,DYNAMIC,16,1,OMP,1,1048576,6258743,6817788
experimento,3,vectoradd,1048576,DYNAMIC,16,1,OMP,1,1048576,8120082,8346927
experimento,4,vectoradd,1048576,DYNAMIC,16,1,OMP,1,1048576,8713518,8554538
experimento,5,vectoradd,1048576,DYNAMIC,16,1,OMP,1,1048576,6783390,8242254
experimento,6,vectoradd,1048576,DYNAMIC,16,1,OMP,1,1048576,7742270,8345883
experimento,7,vectoradd,1048576,DYNAMIC,16,1,OMP,1,1048576,6466945,8174293
experimento,8,vectoradd,1048576,DYNAMIC,16,1,OMP,1,1048576,8027896,7522412
experimento,9,vectoradd,1048576,DYNAMIC,16,1,OMP,1,1048576,6222355,9257017
experimento,10,vectoradd,1048576,DYNAMIC,16,1,OMP,1,1048576,6787072,8063505
experimento,1,vectoradd,1048576,DYNAMIC,32,1,OMP,1,1048576,7166190,7292790
experimento,2,vectoradd,1048576,DYNAMIC,32,1,OMP,1,1048576,8361823,7565037
experimento,3,vectoradd,1048576,DYNAMIC,32,1,OMP,1,1048576,7753196,7930157
experimento,4,vectoradd,1048576,DYNAMIC,32,1,OMP,1,1048576,7873954,7033090
experimento,5,vectoradd,1048576,DYNAMIC,32,1,OMP,1,1048576,6409752,8951732
experimento,6,vectoradd,1048576,DYNAMIC,32,1,OMP,1,1048576,9096212,6890549
experimento,7,vectoradd,1048576,DYNAMIC,32,1,OMP,1,1048576,6160575,9864553
experimento,8,vectoradd,1048576,DYNAMIC,32,1,OMP,1,1048576,8797853,7679843
experimento,9,vectoradd,1048576,DYNAMIC,32,1,OMP,1,1048576,5450836,8612369
experimento,10,vectoradd,1048576,DYNAMIC,32,1,OMP,1,1048576,8990099,7938343
experimento,1,vectoradd,1048576,DYNAMIC,64,1,OMP,1,1048576,7688525,5961956
experimento,2,vectoradd,1048576,DYNAMIC,64,1,OMP,1,1048576,9253668,6495564
experimento,3,vectoradd,1048576,DYNAMIC,64,1,OMP,1,1048576,6810244,8524604
experimento,4,vectoradd,1048576,DYNAMIC,64,1,OMP,1,1048576,5635223,9043846
experimento,5,vectoradd,1048576,DYNAMIC,64,1,OMP,1,1048576,5513649,7663701
experimento,6,vectoradd,1048576,DYNAMIC,64,1,OMP,1,1048576,7991733,5919048
experimento,7,vectoradd,1048576,DYNAMIC,64,1,OMP,1,1048576,6483562,9063926
experimento,8,vectoradd,1048576,DYNAMIC,64,1,OMP,1,1048576,8838557,7870653
experimento,9,vectoradd,1048576,DYNAMIC,64,1,OMP,1,1048576,5622053,7249423
experimento,10,vectoradd,1048576,DYNAMIC,64,1,OMP,1,1048576,8073528,5886034
experimento,1,vectoradd,1048576,DYNAMIC,128,1,OMP,1,1048576,8031248,6375733
experimento,2,vectoradd,1048576,DYNAMIC,128,1,OMP,1,1048576,8957012,7202371
experimento,3,vectoradd,1048576,DYNAMIC,128,1,OMP,1,1048576,7892171,6507189
experimento,4,vectoradd,1048576,DYNAMIC,128,1,OMP,1,1048576,8278380,6321827
experimento,5,vectoradd,1048576,DYNAMIC,128,1,OMP,1,1048576,5952901,7174704
experimento,6,vectoradd,1048576,DYNAMIC,128,1,OMP,1,1048576,5494774,7940023
experimento,7,vectoradd,1048576,DYNAMIC,128,1,OMP,1,1048576,8909378,5400613
experimento,8,vectoradd,1048576,DYNAMIC,128,1,OMP,1,1048576,6560500,6751110
experimento,9,vectoradd,1048576,DYNAMIC,128,1,OMP,1,1048576,7294404,8109050
experimento,10,vectoradd,1048576,DYNAMIC,128,1,OMP,1,1048576,5473758,8778297
experimento,1,vectoradd,1048576,DYNAMIC,256,1,OMP,1,1048576,8744325,5667151
experimento,2,vectoradd,1048576,DYNAMIC,256,1,OMP,1,1048576,8291060,7921291
experimento,3,vectoradd,1048576,DYNAMIC,256,1,OMP,1,1048576,9055034,6747410
experimento,4,vectoradd,1048576,DYNAMIC,256,1,OMP,1,1048576,8102002,7491559
experimento,5,vectoradd,1048576,DYNAMIC,256,1,OMP,1,1048576,5422176,8445714
experimento,6,vectoradd,1048576,DYNAMIC,256,1,OMP,1,1048576,8805596,6063584
experimento,7,vectoradd,1048576,DYNAMIC,256,1,OMP,1,1048576,9081873,5530185
experimento,8,vectoradd,1048576,DYNAMIC,256,1,OMP,1,1048576,8842786,7571234
experimento,9,vectoradd,1048576,DYNAMIC,256,1,OMP,1,1048576,8510394,7264268
experimento,10,vectoradd,1048576,DYNAMIC,256,1,OMP,1,1048576,5863640,9140318
experimento,1,vectoradd,1048576,GUIDED,16,1,OMP,1,1048576,7293181,6464167
experimento,2,vectoradd,1048576,GUIDED,16,1,OMP,1,1048576,7807371,6318710
experimento,3,vectoradd,1048576,GUIDED,16,1,OMP,1,1048576,6059591,8467661
experimento,4,vectoradd,1048576,GUIDED,16,1,OMP,1,1048576,8362888,5861108
experimento,5,vectoradd,1048576,GUIDED,16,1,OMP,1,1048576,7923520,8640520
experimento,6,vectoradd,1048576,GUIDED,16,1,OMP,1,1048576,8180392,5965125
experimento,7,vectoradd,1048576,GUIDED,16,1,OMP,1,1048576,8182914,5665127
experimento,8,vectoradd,1048576,GUIDED,16,1,OMP,1,1048576,6958864,7986720
experimento,9,vectoradd,1048576,GUIDED,16,1,OMP,1,1048576,6643928,5409785
experimento,10,vectoradd,1048576,GUIDED,16,1,OMP,1,1048576,7592359,7292704
experimento,1,vectoradd,1048576,GUIDED,32,1,OMP,1,1048576,6945065,6548120
experimento,2,vectoradd,1048576,GUIDED,32,1,OMP,1,1048576,5558515,8223583
experimento,3,vectoradd,1048576,GUIDED,32,1,OMP,1,1048576,5455459,9068086
experimento,4,vectoradd,1048576,GUIDED,32,1,OMP,1,1048576,8489280,5389983
experimento,5,vectoradd,1048576,GUIDED,32,1,OMP,1,1048576,7852047,5355821
experimento,6,vectoradd,1048576,GUIDED,32,1,OMP,1,1048576,7574017,5960398
experimento,7,vectoradd,1048576,GUIDED,32,1,OMP,1,1048576,6328222,7065984
experimento,8,vectoradd,1048576,GUIDED,32,1,OMP,1,1048576,8658359,6955931
experimento,9,vectoradd,1048576,GUIDED,32,1,OMP,1,1048576,6339337,8056650
experimento,10,vectoradd,1048576,GUIDED,32,1,OMP,1,1048576,6543546,7368169
experimento,1,vectoradd,1048576,GUIDED,64,1,OMP,1,1048576,8502853,5860451
experimento,2,vectoradd,1048576,GUIDED,64,1,OMP,1,1048576,8831337,7732311
experimento,3,vectoradd,1048576,GUIDED,64,1,OMP,1,1048576,8521503,7188515
experimento,4,vectoradd,1048576,GUIDED,64,1,OMP,1,1048576,5596638,7811722
experimento,5,vectoradd,1048576,GUIDED,64,1,OMP,1,1048576,6426862,5264925
experimento,6,vectoradd,1048576,GUIDED,64,1,OMP,1,1048576,8522569,7374595
experimento,7,vectoradd,1048576,GUIDED,64,1,OMP,1,1048576,8220647,7439818
experimento,8,vectoradd,1048576,GUIDED,64,1,OMP,1,1048576,8926709,6324650
experimento,9,vectoradd,1048576,GUIDED,64,1,OMP,1,1048576,8985186,6192211
experimento,10,vectoradd,1048576,GUIDED,64,1,OMP,1,1048576,6327294,8234646
experimento,1,vectoradd,1048576,GUIDED,128,1,OMP,1,1048576,7809334,6101231
experimento,2,vectoradd,1048576,GUIDED,128,1,OMP,1,1048576,8121730,6882805
experimento,3,vectoradd,1048576,GUIDED,128,1,OMP,1,1048576,8400258,7078791
experimento,4,vectoradd,1048576,GUIDED,128,1,OMP,1,1048576,6399544,6676924
experimento,5,vectoradd,1048576,GUIDED,128,1,OMP,1,1048576,6280162,5342673
experimento,6,vectoradd,1048576,GUIDED,128,1,OMP,1,1048576,8526030,6397508
experimento,7,vectoradd,1048576,GUIDED,128,1,OMP,1,1048576,8291269,5253271
experimento,8,vectoradd,1048576,GUIDED,128,1,OMP,1,1048576,6671411,7654396
experimento,9,vectoradd,1048576,GUIDED,128,1,OMP,1,1048576,8855874,6955448
experimento,10,vectoradd,1048576,GUIDED,128,1,OMP,1,1048576,6374185,5220445
experimento,1,vectoradd,1048576,GUIDED,256,1,OMP,1,1048576,9014336,5835707
experimento,2,vectoradd,1048576,GUIDED,256,1,OMP,1,1048576,6537737,6519962
experimento,3,vectoradd,1048576,GUIDED,256,1,OMP,1,1048576,6055645,5317023
experimento,4,vectoradd,1048576,GUIDED,256,1,OMP,1,1048576,7976135,6203030
experimento,5,vectoradd,1048576,GUIDED,256,1,OMP,1,1048576,8244322,6597514
experimento,6,vectoradd,1048576,GUIDED,256,1,OMP,1,1048576,5566152,6755625
experimento,7,vectoradd,1048576,GUIDED,256,1,OMP,1,1048576,9041426,5184920
experimento,8,vectoradd,1048576,GUIDED,256,1,OMP,1,1048576,7106594,5909664
experimento,9,vectoradd,1048576,GUIDED,256,1,OMP,1,1048576,7639989,6562788
experimento,10,vectoradd,1048576,GUIDED,256,1,OMP,1,1048576,8483844,5810265
experimento,1,vectoradd,1048576,STATIC,16,2,OMP,2,1048576,8833679,77157195
experimento,2,vectoradd,1048576,STATIC,16,2,OMP,2,1048576,8692166,76043458
experimento,3,vectoradd,1048576,STATIC,16,2,OMP,2,1048576,8952935,79133918
experimento,4,vectoradd,1048576,STATIC,16,2,OMP,2,1048576,9598180,76031279
experimento,5,vectoradd,1048576,STATIC,16,2,OMP,2,1048576,7866929,76927456
experimento,6,vectoradd,1048576,STATIC,16,2,OMP,2,1048576,9181952,74771860
experimento,7,vectoradd,1048576,STATIC,16,2,OMP,2,1048576,7927537,75268569
experimento,8,vectoradd,1048576,STATIC,16,2,OMP,2,1048576,8818517,75086151
experimento,9,vectoradd,1048576,STATIC,16,2,OMP,2,1048576,8480669,75295396
experimento,10,vectoradd,1048576,STATIC,16,2,OMP,2,1048576,8247397,79406429
experimento,1,vectoradd,1048576,STATIC,32,2,OMP,2,1048576,9099104,76665822
experimento,2,vectoradd,1048576,STATIC,32,2,OMP,2,1048576,7900578,79805194
experimento,3,vectoradd,1048576,STATIC,32,2,OMP,2,1048576,7851865,73590572
experimento,4,vectoradd,1048576,STATIC,32,2,OMP,2,1048576,7940827,68173525
experimento,5,vectoradd,1048576,STATIC,32,2,OMP,2,1048576,7985199,76687547
experimento,6,vectoradd,1048576,STATIC,32,2,OMP,2,1048576,8592533,73661812
experimento,7,vectoradd,1048576,STATIC,32,2,OMP,2,1048576,9585235,73883931
experimento,8,vectoradd,1048576,STATIC,32,2,OMP,2,1048576,8210408,78995159
experimento,9,vectoradd,1048576,STATIC,32,2,OMP,2,1048576,7926988,74360491
experimento,10,vectoradd,1048576,STATIC,32,2,OMP,2,1048576,7417283,78405813
experimento,1,vectoradd,1048576,STATIC,64,2,OMP,2,1048576,7841679,76039058
experimento,2,vectoradd,1048576,STATIC,64,2,OMP,2,1048576,8957483,76041088
experimento,3,vectoradd,1048576,STATIC,64,2,OMP,2,1048576,7843631,76548677
experimento,4,vectoradd,1048576,STATIC,64,2,OMP,2,1048576,8999148,79973853
experimento,5,vectoradd,1048576,STATIC,64,2,OMP,2,1048576,8205578,80681507
experimento,6,vectoradd,1048576,STATIC,64,2,OMP,2,1048576,6633613,77375031
experimento,7,vectoradd,1048576,STATIC,64,2,OMP,2,1048576,7980898,78407926
experimento,8,vectoradd,1048576,STATIC,64,2,OMP,2,1048576,9134370,74941711
experimento,9,vectoradd,1048576,STATIC,64,2,OMP,2,1048576,8368504,79144460
experimento,10,vectoradd,1048576,STATIC,64,2,OMP,2,1048576,9477521,77043749
experimento,1,vectoradd,1048576,STATIC,128,2,OMP,2,1048576,8164380,75869955
experimento,2,vectoradd,1048576,STATIC,128,2,OMP,2,1048576,8985802,74639705
experimento,3,vectoradd,1048576,STATIC,128,2,OMP,2,1048576,7865009,77164597
experimento,4,vectoradd,1048576,STATIC,128,2,OMP,2,1048576,8842479,76703719
experimento,5,vectoradd,1048576,STATIC,128,2,OMP,2,1048576,8433643,77538875
experimento,6,vectoradd,1048576,STATIC,128,2,OMP,2,1048576,8670301,78351288
experimento,7,vectoradd,1048576,STATIC,128,2,OMP,2,1048576,8726290,75870907
experimento,8,vectoradd,1048576,STATIC,128,2,OMP,2,1048576,8666429,76974277
experimento,9,vectoradd,1048576,STATIC,128,2,OMP,2,1048576,7988482,75083414
experimento,10,vectoradd,1048576,STATIC,128,2,OMP,2,1048576,9691927,77252445
experimento,1,vectoradd,1048576,STATIC,256,2,OMP,2,1048576,9208130,76594575
experimento,2,vectoradd,1048576,STATIC,256,2,OMP,2,1048576,8148518,77442042
experimento,3,vectoradd,1048576,STATIC,256,2,OMP,2,1048576,9377174,78864645
experimento,4,vectoradd,1048576,STATIC,256,2,OMP,2,1048576,7745076,78720973
experimento,5,vectoradd,1048576,STATIC,256,2,OMP,2,1048576,8120031,76516177
experimento,6,vectoradd,1048576,STATIC,256,2,OMP,2,1048576,7957692,77593338
experimento,7,vectoradd,1048576,STATIC,256,2,OMP,2,1048576,9219083,77537757
experimento,8,vectoradd,1048576,STATIC,256,2,OMP,2,1048576,7988004,76670724
experimento,9,vectoradd,1048576,STATIC,256,2,OMP,2,1048576,7894511,78800120
experimento,10,vectoradd,1048576,STATIC,256,2,OMP,2,1048576,8666176,77803632
experimento,1,vectoradd,1048576,DYNAMIC,16,2,OMP,2,1048576,8091064,7009373
experimento,2,vectoradd,1048576,DYNAMIC,16,2,OMP,2,1048576,7505313,6531138
experimento,3,vectoradd,1048576,DYNAMIC,16,2,OMP,2,1048576,6104259,8415678
experimento,4,vectoradd,1048576,DYNAMIC,16,2,OMP,2,1048576,8177405,7990602
experimento,5,vectoradd,1048576,DYNAMIC,16,2,OMP,2,1048576,8088050,6710551
experimento,6,vectoradd,1048576,DYNAMIC,16,2,OMP,2,1048576,8873800,8343337
experimento,7,vectoradd,1048576,DYNAMIC,16,2,OMP,2,1048576,8730983,7622380
experimento,8,vectoradd,1048576,DYNAMIC,16,2,OMP,2,1048576,6533311,7855131
experimento,9,vectoradd,1048576,DYNAMIC,16,2,OMP,2,1048576,5517534,7522514
experimento,10,vectoradd,1048576,DYNAMIC,16,2,OMP,2,1048576,8081084,6848341
experimento,1,vectoradd,1048576,DYNAMIC,32,2,OMP,2,1048576,8400766,5326955
experimento,2,vectoradd,1048576,DYNAMIC,32,2,OMP,2,1048576,8679363,5703413
experimento,3,vectoradd,1048576,DYNAMIC,32,2,OMP,2,1048576,7776146,8421957
experimento,4,vectoradd,1048576,DYNAMIC,32,2,OMP,2,1048576,8286205,5710220
experimento,5,vectoradd,1048576,DYNAMIC,32,2,OMP,2,1048576,6251852,8620116
experimento,6,vectoradd,1048576,DYNAMIC,32,2,OMP,2,1048576,6715750,6544417
experimento,7,vectoradd,1048576,DYNAMIC,32,2,OMP,2,1048576,7206694,4996706
experimento,8,vectoradd,1048576,DYNAMIC,32,2,OMP,2,1048576,8487762,7361354
experimento,9,vectoradd,1048576,DYNAMIC,32,2,OMP,2,1048576,5914752,7468425
experimento,10,vectoradd,1048576,DYNAMIC,32,2,OMP,2,1048576,6509643,5021581
experimento,1,vectoradd,1048576,DYNAMIC,64,2,OMP,2,1048576,9340176,6400575
experimento,2,vectoradd,1048576,DYNAMIC,64,2,OMP,2,1048576,6726078,7812840
experimento,3,vectoradd,1048576,DYNAMIC,64,2,OMP,2,1048576,6125936,8476859
experimento,4,vectoradd,1048576,DYNAMIC,64,2,OMP,2,1048576,8858514,5257651
experimento,5,vectoradd,1048576,DYNAMIC,64,2,OMP,2,1048576,9072353,7236821
experimento,6,vectoradd,1048576,DYNAMIC,64,2,OMP,2,1048576,7430424,5529170
experimento,7,vectoradd,1048576,DYNAMIC,64,2,OMP,2,1048576,8523124,5336537
experimento,8,vectoradd,1048576,DYNAMIC,64,2,OMP,2,1048576,6243614,4362097
experimento,9,vectoradd,1048576,DYNAMIC,64,2,OMP,2,1048576,7407281,6725654
experimento,10,vectoradd,1048576,DYNAMIC,64,2,OMP,2,1048576,8457929,4406654
experimento,1,vectoradd,1048576,DYNAMIC,128,2,OMP,2,1048576,8218304,3996136
experimento,2,vectoradd,1048576,DYNAMIC,128,2,OMP,2,1048576,8664365,4189776
experimento,3,vectoradd,1048576,DYNAMIC,128,2,OMP,2,1048576,6158706,4107137
experimento,4,vectoradd,1048576,DYNAMIC,128,2,OMP,2,1048576,7253095,6860373
experimento,5,vectoradd,1048576,DYNAMIC,128,2,OMP,2,1048576,8035411,3995920
experimento,6,vectoradd,1048576,DYNAMIC,128,2,OMP,2,1048576,6064970,7088773
experimento,7,vectoradd,1048576,DYNAMIC,128,2,OMP,2,1048576,8209838,5771758
experimento,8,vectoradd,1048576,DYNAMIC,128,2,OMP,2,1048576,7642089,5071538
experimento,9,vectoradd,1048576,DYNAMIC,128,2,OMP,2,1048576,7623140,4498378
experimento,10,vectoradd,1048576,DYNAMIC,128,2,OMP,2,1048576,6648848,5154002
experimento,1,vectoradd,1048576,DYNAMIC,256,2,OMP,2,1048576,8827632,7070100
experimento,2,vectoradd,1048576,DYNAMIC,256,2,OMP,2,1048576,8369118,6880541
experimento,3,vectoradd,1048576,DYNAMIC,256,2,OMP,2,1048576,7152980,6888746
experimento,4,vectoradd,1048576,DYNAMIC,256,2,OMP,2,1048576,8924374,4347817
experimento,5,vectoradd,1048576,DYNAMIC,256,2,OMP,2,1048576,7097558,3942751
experimento,6,vectoradd,1048576,DYNAMIC,256,2,OMP,2,1048576,7812745,6581382
experimento,7,vectoradd,1048576,DYNAMIC,256,2,OMP,2,1048576,6926917,3967781
experimento,8,vectoradd,1048576,DYNAMIC,256,2,OMP,2,1048576,6354155,7709442
experimento,9,vectoradd,1048576,DYNAMIC,256,2,OMP,2,1048576,8899128,3981118
experimento,10,vectoradd,1048576,DYNAMIC,256,2,OMP,2,1048576,9089374,3861436
experimento,1,vectoradd,1048576,GUIDED,16,2,OMP,2,1048576,8375140,4319739
experimento,2,vectoradd,1048576,GUIDED,16,2,OMP,2,1048576,7213518,8373746
experimento,3,vectoradd,1048576,GUIDED,16,2,OMP,2,1048576,7248282,3852984
experimento,4,vectoradd,1048576,GUIDED,16,2,OMP,2,1048576,7043913,3982421
experimento,5,vectoradd,1048576,GUIDED,16,2,OMP,2,1048576,8184199,5723792
experimento,6,vectoradd,1048576,GUIDED,16,2,OMP,2,1048576,8678152,6333882
experimento,7,vectoradd,1048576,GUIDED,16,2,OMP,2,1048576,5545311,7389587
experimento,8,vectoradd,1048576,GUIDED,16,2,OMP,2,1048576,8879039,4551458
experimento,9,vectoradd,1048576,GUIDED,16,2,OMP,2,1048576,8081882,5790074
experimento,10,vectoradd,1048576,GUIDED,16,2,OMP,2,1048576,6898450,6180617
experimento,1,vectoradd,1048576,GUIDED,32,2,OMP,2,1048576,8341414,4056786
experimento,2,vectoradd,1048576,GUIDED,32,2,OMP,2,1048576,6556156,6628713
experimento,3,vectoradd,1048576,GUIDED,32,2,OMP,2,1048576,6662295,3971754
experimento,4,vectoradd,1048576,GUIDED,32,2,OMP,2,1048576,8814704,3938541
experimento,5,vectoradd,1048576,GUIDED,32,2,OMP,2,1048576,8325253,4878719
experimento,6,vectoradd,1048576,GUIDED,32,2,OMP,2,1048576,6306368,3908996
experimento,7,vectoradd,1048576,GUIDED,32,2,OMP,2,1048576,9217895,4845340
experimento,8,vectoradd,1048576,GUIDED,32,2,OMP,2,1048576,8553378,3918605
experimento,9,vectoradd,1048576,GUIDED,32,2,OMP,2,1048576,7383321,7297564
experimento,10,vectoradd,1048576,GUIDED,32,2,OMP,2,1048576,8753176,4096789
experimento,1,vectoradd,1048576,GUIDED,64,2,OMP,2,1048576,7683350,4953717
experimento,2,vectoradd,1048576,GUIDED,64,2,OMP,2,1048576,8400476,3896890
experimento,3,vectoradd,1048576,GUIDED,64,2,OMP,2,1048576,5694516,3817570
experimento,4,vectoradd,1048576,GUIDED,64,2,OMP,2,1048576,7503131,6562330
experimento,5,vectoradd,1048576,GUIDED,64,2,OMP,2,1048576,8021203,6454319
experimento,6,vectoradd,1048576,GUIDED,64,2,OMP,2,1048576,6207024,5947301
experimento,7,vectoradd,1048576,GUIDED,64,2,OMP,2,1048576,8209222,3828073
experimento,8,vectoradd,1048576,GUIDED,64,2,OMP,2,1048576,5604145,4010977
experimento,9,vectoradd,1048576,GUIDED,64,2,OMP,2,1048576,8725187,5879854
experimento,10,vectoradd,1048576,GUIDED,64,2,OMP,2,1048576,8657919,5771885
experimento,1,vectoradd,1048576,GUIDED,128,2,OMP,2,1048576,9126156,4728684
experimento,2,vectoradd,1048576,GUIDED,128,2,OMP,2,1048576,7400656,6180320
experimento,3,vectoradd,1048576,GUIDED,128,2,OMP,2,1048576,5445429,7143388
experimento,4,vectoradd,1048576,GUIDED,128,2,OMP,2,1048576,8397974,7291650
experimento,5,vectoradd,1048576,GUIDED,128,2,OMP,2,1048576,5796203,3900792
experimento,6,vectoradd,1048576,GUIDED,128,2,OMP,2,1048576,7283558,7048779
experimento,7,vectoradd,1048576,GUIDED,128,2,OMP,2,1048576,9042623,3944055
experimento,8,vectoradd,1048576,GUIDED,128,2,OMP,2,1048576,6666203,6192602
experimento,9,vectoradd,1048576,GUIDED,128,2,OMP,2,1048576,8521131,3781867
experimento,10,vectoradd,1048576,GUIDED,128,2,OMP,2,1048576,6116413,3857126
experimento,1,vectoradd,1048576,GUIDED,256,2,OMP,2,1048576,7228178,3920213
experimento,2,vectoradd,1048576,GUIDED,256,2,OMP,2,1048576,7156937,3837349
experimento,3,vectoradd,1048576,GUIDED,256,2,OMP,2,1048576,7686223,7728879
experimento,4,vectoradd,1048576,GUIDED,256,2,OMP,2,1048576,5878083,8156490
experimento,5,vectoradd,1048576,GUIDED,256,2,OMP,2,1048576,5542098,7785644
experimento,6,vectoradd,1048576,GUIDED,256,2,OMP,2,1048576,8124758,4079241
experimento,7,vectoradd,1048576,GUIDED,256,2,OMP,2,1048576,7271131,4187400
experimento,8,vectoradd,1048576,GUIDED,256,2,OMP,2,1048576,7401216,7538792
experimento,9,vectoradd,1048576,GUIDED,256,2,OMP,2,1048576,8547175,5669340
experimento,10,vectoradd,1048576,GUIDED,256,2,OMP,2,1048576,5825363,6180832
experimento,1,vectoradd,1048576,STATIC,16,4,OMP,4,1048576,9034397,47550478
experimento,2,vectoradd,1048576,STATIC,16,4,OMP,4,1048576,7677911,46224185
experimento,3,vectoradd,1048576,STATIC,16,4,OMP,4,1048576,7679464,48217486
experimento,4,vectoradd,1048576,STATIC,16,4,OMP,4,1048576,8092411,48340537
experimento,5,vectoradd,1048576,STATIC,16,4,OMP,4,1048576,8861012,47880785
experimento,6,vectoradd,1048576,STATIC,16,4,OMP,4,1048576,6929732,46813667
experimento,7,vectoradd,1048576,STATIC,16,4,OMP,4,1048576,6092647,48382645
experimento,8,vectoradd,1048576,STATIC,16,4,OMP,4,1048576,6047412,46229579
experimento,9,vectoradd,1048576,STATIC,16,4,OMP,4,1048576,6958998,46043762
experimento,10,vectoradd,1048576,STATIC,16,4,OMP,4,1048576,6360928,47706456
experimento,1,vectoradd,1048576,STATIC,32,4,OMP,4,1048576,7206428,46371305
experimento,2,vectoradd,1048576,STATIC,32,4,OMP,4,1048576,6909036,46731315
experimento,3,vectoradd,1048576,STATIC,32,4,OMP,4,1048576,8876598,48265880
experimento,4,vectoradd,1048576,STATIC,32,4,OMP,4,1048576,9768279,45757848
experimento,5,vectoradd,1048576,STATIC,32,4,OMP,4,1048576,8347637,44958727
experimento,6,vectoradd,1048576,STATIC,32,4,OMP,4,1048576,9125866,44486786
experimento,7,vectoradd,1048576,STATIC,32,4,OMP,4,1048576,8691380,45964184
experimento,8,vectoradd,1048576,STATIC,32,4,OMP,4,1048576,8531420,45272069
experimento,9,vectoradd,1048576,STATIC,32,4,OMP,4,1048576,7833765,45418465
experimento,10,vectoradd,1048576,STATIC,32,4,OMP,4,1048576,8333208,47229602
experimento,1,vectoradd,1048576,STATIC,64,4,OMP,4,1048576,7708320,47712767
experimento,2,vectoradd,1048576,STATIC,64,4,OMP,4,1048576,8662589,48164308
experimento,3,vectoradd,1048576,STATIC,64,4,OMP,4,1048576,8341908,50072231
experimento,4,vectoradd,1048576,STATIC,64,4,OMP,4,1048576,8090807,46366259
experimento,5,vectoradd,1048576,STATIC,64,4,OMP,4,1048576,8841320,46825377
experimento,6,vectoradd,1048576,STATIC,64,4,OMP,4,1048576,6677364,47342286
experimento,7,vectoradd,1048576,STATIC,64,4,OMP,4,1048576,6622409,46399044
experimento,8,vectoradd,1048576,STATIC,64,4,OMP,4,1048576,6070524,48216740
experimento,9,vectoradd,1048576,STATIC,64,4,OMP,4,1048576,6154548,47945339
experimento,10,vectoradd,1048576,STATIC,64,4,OMP,4,1048576,6297012,47969472
experimento,1,vectoradd,1048576,STATIC,128,4,OMP,4,1048576,6783342,45064610
experimento,2,vectoradd,1048576,STATIC,128,4,OMP,4,1048576,6223048,48107604
experimento,3,vectoradd,1048576,STATIC,128,4,OMP,4,1048576,6396789,47434569
experimento,4,vectoradd,1048576,STATIC,128,4,OMP,4,1048576,6896841,46051821
experimento,5,vectoradd,1048576,STATIC,128,4,OMP,4,1048576,6911501,47093018
experimento,6,vectoradd,1048576,STATIC,128,4,OMP,4,1048576,6760281,46782645
experimento,7,vectoradd,1048576,STATIC,128,4,OMP,4,1048576,6557386,49263502
experimento,8,vectoradd,1048576,STATIC,128,4,OMP,4,1048576,6938026,49517473
experimento,9,vectoradd,1048576,STATIC,128,4,OMP,4,1048576,8691493,46807084
experimento,10,vectoradd,1048576,STATIC,128,4,OMP,4,1048576,9036943,48620422
experimento,1,vectoradd,1048576,STATIC,256,4,OMP,4,1048576,7041945,47469810
experimento,2,vectoradd,1048576,STATIC,256,4,OMP,4,1048576,6726408,49486348
experimento,3,vectoradd,1048576,STATIC,256,4,OMP,4,1048576,6607194,45939827
experimento,4,vectoradd,1048576,STATIC,256,4,OMP,4,1048576,6456816,48086390
experimento,5,vectoradd,1048576,STATIC,256,4,OMP,4,1048576,6544498,47043185
experimento,6,vectoradd,1048576,STATIC,256,4,OMP,4,1048576,7064861,48295125
experimento,7,vectoradd,1048576,STATIC,256,4,OMP,4,1048576,7332791,46451166
experimento,8,vectoradd,1048576,STATIC,256,4,OMP,4,1048576,6965567,48239834
experimento,9,vectoradd,1048576,STATIC,256,4,OMP,4,1048576,8236841,47205742
experimento,10,vectoradd,1048576,STATIC,256,4,OMP,4,1048576,8154769,49777386
experimento,1,vectoradd,1048576,DYNAMIC,16,4,OMP,4,1048576,7421754,7243919
experimento,2,vectoradd,1048576,DYNAMIC,16,4,OMP,4,1048576,8351992,5471263
experimento,3,vectoradd,1048576,DYNAMIC,16,4,OMP,4,1048576,8520614,7299504
experimento,4,vectoradd,1048576,DYNAMIC,16,4,OMP,4,1048576,7516183,7824498
experimento,5,vectoradd,1048576,DYNAMIC,16,4,OMP,4,1048576,9446925,7305868
experimento,6,vectoradd,1048576,DYNAMIC,16,4,OMP,4,1048576,6984305,7220242
experimento,7,vectoradd,1048576,DYNAMIC,16,4,OMP,4,1048576,5749096,7319674
experimento,8,vectoradd,1048576,DYNAMIC,16,4,OMP,4,1048576,7991176,7255739
experimento,9,vectoradd,1048576,DYNAMIC,16,4,OMP,4,1048576,6816900,9338640
experimento,10,vectoradd,1048576,DYNAMIC,16,4,OMP,4,1048576,5591825,10673502
experimento,1,vectoradd,1048576,DYNAMIC,32,4,OMP,4,1048576,8610793,7421462
experimento,2,vectoradd,1048576,DYNAMIC,32,4,OMP,4,1048576,6339967,6551312
experimento,3,vectoradd,1048576,DYNAMIC,32,4,OMP,4,1048576,9027236,7362016
experimento,4,vectoradd,1048576,DYNAMIC,32,4,OMP,4,1048576,6925632,5586555
experimento,5,vectoradd,1048576,DYNAMIC,32,4,OMP,4,1048576,7498318,10678930
experimento,6,vectoradd,1048576,DYNAMIC,32,4,OMP,4,1048576,6042873,7286681
experimento,7,vectoradd,1048576,DYNAMIC,32,4,OMP,4,1048576,9248095,10238740
experimento,8,vectoradd,1048576,DYNAMIC,32,4,OMP,4,1048576,5790836,5160953
experimento,9,vectoradd,1048576,DYNAMIC,32,4,OMP,4,1048576,7618022,7464715
experimento,10,vectoradd,1048576,DYNAMIC,32,4,OMP,4,1048576,8661399,6831218
experimento,1,vectoradd,1048576,DYNAMIC,64,4,OMP,4,1048576,9355048,7087068
experimento,2,vectoradd,1048576,DYNAMIC,64,4,OMP,4,1048576,7559135,6426940
experimento,3,vectoradd,1048576,DYNAMIC,64,4,OMP,4,1048576,6095982,6967305
experimento,4,vectoradd,1048576,DYNAMIC,64,4,OMP,4,1048576,8953948,6921993
experimento,5,vectoradd,1048576,DYNAMIC,64,4,OMP,4,1048576,6557736,9334097
experimento,6,vectoradd,1048576,DYNAMIC,64,4,OMP,4,1048576,5655293,6072030
experimento,7,vectoradd,1048576,DYNAMIC,64,4,OMP,4,1048576,8167467,6191749
experimento,8,vectoradd,1048576,DYNAMIC,64,4,OMP,4,1048576,6571655,7990649
experimento,9,vectoradd,1048576,DYNAMIC,64,4,OMP,4,1048576,7782519,6461085
experimento,10,vectoradd,1048576,DYNAMIC,64,4,OMP,4,1048576,8617824,8516813
experimento,1,vectoradd,1048576,DYNAMIC,128,4,OMP,4,1048576,7916090,9322330
experimento,2,vectoradd,1048576,DYNAMIC,128,4,OMP,4,1048576,6118112,10804219
experimento,3,vectoradd,1048576,DYNAMIC,128,4,OMP,4,1048576,8212061,8490972
experimento,4,vectoradd,1048576,DYNAMIC,128,4,OMP,4,1048576,6473110,5523008
experimento,5,vectoradd,1048576,DYNAMIC,128,4,OMP,4,1048576,6265505,10262249
experimento,6,vectoradd,1048576,DYNAMIC,128,4,OMP,4,1048576,8494049,7858678
experimento,7,vectoradd,1048576,DYNAMIC,128,4,OMP,4,1048576,8526924,7364155
experimento,8,vectoradd,1048576,DYNAMIC,128,4,OMP,4,1048576,7892187,8621808
experimento,9,vectoradd,1048576,DYNAMIC,128,4,OMP,4,1048576,8229698,7840610
experimento,10,vectoradd,1048576,DYNAMIC,128,4,OMP,4,1048576,6816148,6538333
experimento,1,vectoradd,1048576,DYNAMIC,256,4,OMP,4,1048576,8518567,6334337
experimento,2,vectoradd,1048576,DYNAMIC,256,4,OMP,4,1048576,6142681,7386101
experimento,3,vectoradd,1048576,DYNAMIC,256,4,OMP,4,1048576,8394899,5980904
experimento,4,vectoradd,1048576,DYNAMIC,256,4,OMP,4,1048576,5729475,7766675
experimento,5,vectoradd,1048576,DYNAMIC,256,4,OMP,4,1048576,5618631,7011281
experimento,6,vectoradd,1048576,DYNAMIC,256,4,OMP,4,1048576,8503193,6866748
experimento,7,vectoradd,1048576,DYNAMIC,256,4,OMP,4,1048576,6514406,6181874
experimento,8,vectoradd,1048576,DYNAMIC,256,4,OMP,4,1048576,6593936,9353544
experimento,9,vectoradd,1048576,DYNAMIC,256,4,OMP,4,1048576,8115550,7143751
experimento,10,vectoradd,1048576,DYNAMIC,256,4,OMP,4,1048576,8782411,8231591
experimento,1,vectoradd,1048576,GUIDED,16,4,OMP,4,1048576,8800931,4578037
experimento,2,vectoradd,1048576,GUIDED,16,4,OMP,4,1048576,7042917,6419407
experimento,3,vectoradd,1048576,GUIDED,16,4,OMP,4,1048576,7554387,6498702
experimento,4,vectoradd,1048576,GUIDED,16,4,OMP,4,1048576,7015908,6327716
experimento,5,vectoradd,1048576,GUIDED,16,4,OMP,4,1048576,8107251,11507078
experimento,6,vectoradd,1048576,GUIDED,16,4,OMP,4,1048576,6960487,6230230
experimento,7,vectoradd,1048576,GUIDED,16,4,OMP,4,1048576,8222039,7609348
experimento,8,vectoradd,1048576,GUIDED,16,4,OMP,4,1048576,5523530,7025578
experimento,9,vectoradd,1048576,GUIDED,16,4,OMP,4,1048576,6736568,8466609
experimento,10,vectoradd,1048576,GUIDED,16,4,OMP,4,1048576,7698946,6357367
experimento,1,vectoradd,1048576,GUIDED,32,4,OMP,4,1048576,8147822,7299555
experimento,2,vectoradd,1048576,GUIDED,32,4,OMP,4,1048576,8557167,6126037
experimento,3,vectoradd,1048576,GUIDED,32,4,OMP,4,1048576,8268562,6532040
experimento,4,vectoradd,1048576,GUIDED,32,4,OMP,4,1048576,7253946,6292651
experimento,5,vectoradd,1048576,GUIDED,32,4,OMP,4,1048576,7512654,7669305
experimento,6,vectoradd,1048576,GUIDED,32,4,OMP,4,1048576,7972943,7200725
experimento,7,vectoradd,1048576,GUIDED,32,4,OMP,4,1048576,7901697,8898106
experimento,8,vectoradd,1048576,GUIDED,32,4,OMP,4,1048576,8984011,6221378
experimento,9,vectoradd,1048576,GUIDED,32,4,OMP,4,1048576,7133662,7899272
experimento,10,vectoradd,1048576,GUIDED,32,4,OMP,4,1048576,8481233,6717009
experimento,1,vectoradd,1048576,GUIDED,64,4,OMP,4,1048576,8246333,7909832
experimento,2,vectoradd,1048576,GUIDED,64,4,OMP,4,1048576,6246508,8708330
experimento,3,vectoradd,1048576,GUIDED,64,4,OMP,4,1048576,5695528,8568222
experimento,4,vectoradd,1048576,GUIDED,64,4,OMP,4,1048576,9311117,6299103
experimento,5,vectoradd,1048576,GUIDED,64,4,OMP,4,1048576,8596574,6216191
experimento,6,vectoradd,1048576,GUIDED,64,4,OMP,4,1048576,8755796,6014434
experimento,7,vectoradd,1048576,GUIDED,64,4,OMP,4,1048576,5734989,8248407
experimento,8,vectoradd,1048576,GUIDED,64,4,OMP,4,1048576,5761000,6336782
experimento,9,vectoradd,1048576,GUIDED,64,4,OMP,4,1048576,8487465,7047682
experimento,10,vectoradd,1048576,GUIDED,64,4,OMP,4,1048576,8855418,5618782
experimento,1,vectoradd,1048576,GUIDED,128,4,OMP,4,1048576,7746849,6818143
experimento,2,vectoradd,1048576,GUIDED,128,4,OMP,4,1048576,8461023,8143035
experimento,3,vectoradd,1048576,GUIDED,128,4,OMP,4,1048576,7639572,4523204
experimento,4,vectoradd,1048576,GUIDED,128,4,OMP,4,1048576,8172320,6136546
experimento,5,vectoradd,1048576,GUIDED,128,4,OMP,4,1048576,6549471,6408732
experimento,6,vectoradd,1048576,GUIDED,128,4,OMP,4,1048576,8271729,7187980
experimento,7,vectoradd,1048576,GUIDED,128,4,OMP,4,1048576,8590447,7835523
experimento,8,vectoradd,1048576,GUIDED,128,4,OMP,4,1048576,6978139,12542337
experimento,9,vectoradd,1048576,GUIDED,128,4,OMP,4,1048576,9079248,9957998
experimento,10,vectoradd,1048576,GUIDED,128,4,OMP,4,1048576,6986733,7644598
experimento,1,vectoradd,1048576,GUIDED,256,4,OMP,4,1048576,7425106,9979896
experimento,2,vectoradd,1048576,GUIDED,256,4,OMP,4,1048576,8575160,7022091
experimento,3,vectoradd,1048576,GUIDED,256,4,OMP,4,1048576,6976182,7918830
experimento,4,vectoradd,1048576,GUIDED,256,4,OMP,4,1048576,8921929,6415352
experimento,5,vectoradd,1048576,GUIDED,256,4,OMP,4,1048576,8690396,6878208
experimento,6,vectoradd,1048576,GUIDED,256,4,OMP,4,1048576,8438244,6439397
experimento,7,vectoradd,1048576,GUIDED,256,4,OMP,4,1048576,5885483,10758353
experimento,8,vectoradd,1048576,GUIDED,256,4,OMP,4,1048576,5602531,10294912
experimento,9,vectoradd,1048576,GUIDED,256,4,OMP,4,1048576,5625232,7209470
experimento,10,vectoradd,1048576,GUIDED,256,4,OMP,4,1048576,8802000,9909125
experimento,1,vectoradd,1048576,STATIC,16,8,OMP,8,1048576,9214358,44681576
experimento,2,vectoradd,1048576,STATIC,16,8,OMP,8,1048576,7679378,45549141
experimento,3,vectoradd,1048576,STATIC,16,8,OMP,8,1048576,6287180,45129745
experimento,4,vectoradd,1048576,STATIC,16,8,OMP,8,1048576,8690868,46264521
experimento,5,vectoradd,1048576,STATIC,16,8,OMP,8,1048576,9480885,44206708
experimento,6,vectoradd,1048576,STATIC,16,8,OMP,8,1048576,8558138,44923911
experimento,7,vectoradd,1048576,STATIC,16,8,OMP,8,1048576,8891171,47079979
experimento,8,vectoradd,1048576,STATIC,16,8,OMP,8,1048576,6477321,44804224
experimento,9,vectoradd,1048576,STATIC,16,8,OMP,8,1048576,8136741,45626519
experimento,10,vectoradd,1048576,STATIC,16,8,OMP,8,1048576,8277967,44857327
experimento,1,vectoradd,1048576,STATIC,32,8,OMP,8,1048576,9281381,45856426
experimento,2,vectoradd,1048576,STATIC,32,8,OMP,8,1048576,6350885,45101100
experimento,3,vectoradd,1048576,STATIC,32,8,OMP,8,1048576,9213017,47242801
experimento,4,vectoradd,1048576,STATIC,32,8,OMP,8,1048576,6730376,44546520
experimento,5,vectoradd,1048576,STATIC,32,8,OMP,8,1048576,8428942,45586700
experimento,6,vectoradd,1048576,STATIC,32,8,OMP,8,1048576,8647379,45413361
experimento,7,vectoradd,1048576,STATIC,32,8,OMP,8,1048576,8377221,44120460
experimento,8,vectoradd,1048576,STATIC,32,8,OMP,8,1048576,8152527,46281772
experimento,9,vectoradd,1048576,STATIC,32,8,OMP,8,1048576,8489794,46220192
experimento,10,vectoradd,1048576,STATIC,32,8,OMP,8,1048576,8777565,44578894
experimento,1,vectoradd,1048576,STATIC,64,8,OMP,8,1048576,7446870,44509748
experimento,2,vectoradd,1048576,STATIC,64,8,OMP,8,1048576,7303539,44697565
experimento,3,vectoradd,1048576,STATIC,64,8,OMP,8,1048576,8882680,46352273
experimento,4,vectoradd,1048576,STATIC,64,8,OMP,8,1048576,7802761,45820869
experimento,5,vectoradd,1048576,STATIC,64,8,OMP,8,1048576,6454550,45643578
experimento,6,vectoradd,1048576,STATIC,64,8,OMP,8,1048576,8218951,45530026
experimento,7,vectoradd,1048576,STATIC,64,8,OMP,8,1048576,8283687,45666967
experimento,8,vectoradd,1048576,STATIC,64,8,OMP,8,1048576,8375984,47385480
experimento,9,vectoradd,1048576,STATIC,64,8,OMP,8,1048576,8766734,44926157
experimento,10,vectoradd,1048576,STATIC,64,8,OMP,8,1048576,8538258,45317560
experimento,1,vectoradd,1048576,STATIC,128,8,OMP,8,1048576,8166578,44848675
experimento,2,vectoradd,1048576,STATIC,128,8,OMP,8,1048576,8236321,45388440
experimento,3,vectoradd,1048576,STATIC,128,8,OMP,8,1048576,7461433,44142447
experimento,4,vectoradd,1048576,STATIC,128,8,OMP,8,1048576,7623396,45761751
experimento,5,vectoradd,1048576,STATIC,128,8,OMP,8,1048576,7809405,46324185
experimento,6,vectoradd,1048576,STATIC,128,8,OMP,8,1048576,7869032,46043761
experimento,7,vectoradd,1048576,STATIC,128,8,OMP,8,1048576,7903952,46187949
experimento,8,vectoradd,1048576,STATIC,128,8,OMP,8,1048576,8487028,46778456
experimento,9,vectoradd,1048576,STATIC,128,8,OMP,8,1048576,9175221,45277829
experimento,10,vectoradd,1048576,STATIC,128,8,OMP,8,1048576,6929146,46134911
experimento,1,vectoradd,1048576,STATIC,256,8,OMP,8,1048576,7973628,44793224
experimento,2,vectoradd,1048576,STATIC,256,8,OMP,8,1048576,6943891,45765397
experimento,3,vectoradd,1048576,STATIC,256,8,OMP,8,1048576,6457656,44124622
experimento,4,vectoradd,1048576,STATIC,256,8,OMP,8,1048576,6265198,46208094
experimento,5,vectoradd,1048576,STATIC,256,8,OMP,8,1048576,8654373,45995220
experimento,6,vectoradd,1048576,STATIC,256,8,OMP,8,1048576,6127022,44865845
experimento,7,vectoradd,1048576,STATIC,256,8,OMP,8,1048576,7916418,44354350
experimento,8,vectoradd,1048576,STATIC,256,8,OMP,8,1048576,8223419,44298687
experimento,9,vectoradd,1048576,STATIC,256,8,OMP,8,1048576,8606713,41492609
experimento,10,vectoradd,1048576,STATIC,256,8,OMP,8,1048576,8127041,44779914
experimento,1,vectoradd,1048576,DYNAMIC,16,8,OMP,8,1048576,8852818,7233077
experimento,2,vectoradd,1048576,DYNAMIC,16,8,OMP,8,1048576,7648135,7273960
experimento,3,vectoradd,1048576,DYNAMIC,16,8,OMP,8,1048576,6731565,8731530
experimento,4,vectoradd,1048576,DYNAMIC,16,8,OMP,8,1048576,8396742,5084455
experimento,5,vectoradd,1048576,DYNAMIC,16,8,OMP,8,1048576,6191394,9010103
experimento,6,vectoradd,1048576,DYNAMIC,16,8,OMP,8,1048576,8275789,5864108
experimento,7,vectoradd,1048576,DYNAMIC,16,8,OMP,8,1048576,5620819,8980585
experimento,8,vectoradd,1048576,DYNAMIC,16,8,OMP,8,1048576,8843719,5119637
experimento,9,vectoradd,1048576,DYNAMIC,16,8,OMP,8,1048576,6180448,7567027
experimento,10,vectoradd,1048576,DYNAMIC,16,8,OMP,8,1048576,8217726,6945379
experimento,1,vectoradd,1048576,DYNAMIC,32,8,OMP,8,1048576,8103125,4965573
experimento,2,vectoradd,1048576,DYNAMIC,32,8,OMP,8,1048576,8256580,7196301
experimento,3,vectoradd,1048576,DYNAMIC,32,8,OMP,8,1048576,5699545,5172309
experimento,4,vectoradd,1048576,DYNAMIC,32,8,OMP,8,1048576,8435531,7423792
experimento,5,vectoradd,1048576,DYNAMIC,32,8,OMP,8,1048576,5541162,6706283
experimento,6,vectoradd,1048576,DYNAMIC,32,8,OMP,8,1048576,8634550,4572507
experimento,7,vectoradd,1048576,DYNAMIC,32,8,OMP,8,1048576,5544443,4684112
experimento,8,vectoradd,1048576,DYNAMIC,32,8,OMP,8,1048576,8196011,5385716
experimento,9,vectoradd,1048576,DYNAMIC,32,8,OMP,8,1048576,6818633,7949379
experimento,10,vectoradd,1048576,DYNAMIC,32,8,OMP,8,1048576,5560317,8289353
experimento,1,vectoradd,1048576,DYNAMIC,64,8,OMP,8,1048576,9222191,4914277
experimento,2,vectoradd,1048576,DYNAMIC,64,8,OMP,8,1048576,8223852,6886856
experimento,3,vectoradd,1048576,DYNAMIC,64,8,OMP,8,1048576,6755805,7637246
experimento,4,vectoradd,1048576,DYNAMIC,64,8,OMP,8,1048576,8983196,5032189
experimento,5,vectoradd,1048576,DYNAMIC,64,8,OMP,8,1048576,6216683,4260047
experimento,6,vectoradd,1048576,DYNAMIC,64,8,OMP,8,1048576,7703303,5992818
experimento,7,vectoradd,1048576,DYNAMIC,64,8,OMP,8,1048576,8606174,5033661
experimento,8,vectoradd,1048576,DYNAMIC,64,8,OMP,8,1048576,6441038,8442430
experimento,9,vectoradd,1048576,DYNAMIC,64,8,OMP,8,1048576,8274475,4468956
experimento,10,vectoradd,1048576,DYNAMIC,64,8,OMP,8,1048576,7233148,7811444
experimento,1,vectoradd,1048576,DYNAMIC,128,8,OMP,8,1048576,6500315,6632626
experimento,2,vectoradd,1048576,DYNAMIC,128,8,OMP,8,1048576,8424919,6437317
experimento,3,vectoradd,1048576,DYNAMIC,128,8,OMP,8,1048576,6040438,7080992
experimento,4,vectoradd,1048576,DYNAMIC,128,8,OMP,8,1048576,8788725,4296202
experimento,5,vectoradd,1048576,DYNAMIC,128,8,OMP,8,1048576,7422182,4178732
experimento,6,vectoradd,1048576,DYNAMIC,128,8,OMP,8,1048576,7964828,5985611
experimento,7,vectoradd,1048576,DYNAMIC,128,8,OMP,8,1048576,8839948,4403997
experimento,8,vectoradd,1048576,DYNAMIC,128,8,OMP,8,1048576,6145118,7887317
experimento,9,vectoradd,1048576,DYNAMIC,128,8,OMP,8,1048576,6576651,7528444
experimento,10,vectoradd,1048576,DYNAMIC,128,8,OMP,8,1048576,6706527,8089423
experimento,1,vectoradd,1048576,DYNAMIC,256,8,OMP,8,1048576,8981287,6408674
experimento,2,vectoradd,1048576,DYNAMIC,256,8,OMP,8,1048576,8301268,6942985
experimento,3,vectoradd,1048576,DYNAMIC,256,8,OMP,8,1048576,6870581,7542630
experimento,4,vectoradd,1048576,DYNAMIC,256,8,OMP,8,1048576,8413550,4791772
experimento,5,vectoradd,1048576,DYNAMIC,256,8,OMP,8,1048576,6146912,7578903
experimento,6,vectoradd,1048576,DYNAMIC,256,8,OMP,8,1048576,9849505,4217851
experimento,7,vectoradd,1048576,DYNAMIC,256,8,OMP,8,1048576,9134218,5488441
experimento,8,vectoradd,1048576,DYNAMIC,256,8,OMP,8,1048576,8477866,5614701
experimento,9,vectoradd,1048576,DYNAMIC,256,8,OMP,8,1048576,5641908,8680608
experimento,10,vectoradd,1048576,DYNAMIC,256,8,OMP,8,1048576,6836894,5394148
experimento,1,vectoradd,1048576,GUIDED,16,8,OMP,8,1048576,10240359,4009222
experimento,2,vectoradd,1048576,GUIDED,16,8,OMP,8,1048576,8858763,5815481
experimento,3,vectoradd,1048576,GUIDED,16,8,OMP,8,1048576,5592482,6396522
experimento,4,vectoradd,1048576,GUIDED,16,8,OMP,8,1048576,9018553,7041303
experimento,5,vectoradd,1048576,GUIDED,16,8,OMP,8,1048576,8622998,4071845
experimento,6,vectoradd,1048576,GUIDED,16,8,OMP,8,1048576,8831101,3954625
experimento,7,vectoradd,1048576,GUIDED,16,8,OMP,8,1048576,8635081,6718847
experimento,8,vectoradd,1048576,GUIDED,16,8,OMP,8,1048576,6893794,5866294
experimento,9,vectoradd,1048576,GUIDED,16,8,OMP,8,1048576,9055123,4032246
experimento,10,vectoradd,1048576,GUIDED,16,8,OMP,8,1048576,6743993,4030869
experimento,1,vectoradd,1048576,GUIDED,32,8,OMP,8,1048576,9381047,4059831
experimento,2,vectoradd,1048576,GUIDED,32,8,OMP,8,1048576,8871757,6038818
experimento,3,vectoradd,1048576,GUIDED,32,8,OMP,8,1048576,7507184,4108679
experimento,4,vectoradd,1048576,GUIDED,32,8,OMP,8,1048576,8467529,6300726
experimento,5,vectoradd,1048576,GUIDED,32,8,OMP,8,1048576,8430287,6303639
experimento,6,vectoradd,1048576,GUIDED,32,8,OMP,8,1048576,5613804,6567778
experimento,7,vectoradd,1048576,GUIDED,32,8,OMP,8,1048576,8433844,4148730
experimento,8,vectoradd,1048576,GUIDED,32,8,OMP,8,1048576,5711318,4521381
experimento,9,vectoradd,1048576,GUIDED,32,8,OMP,8,1048576,9380650,6962366
experimento,10,vectoradd,1048576,GUIDED,32,8,OMP,8,1048576,8196648,6551277
experimento,1,vectoradd,1048576,GUIDED,64,8,OMP,8,1048576,8000117,5677145
experimento,2,vectoradd,1048576,GUIDED,64,8,OMP,8,1048576,9075156,4016603
experimento,3,vectoradd,1048576,GUIDED,64,8,OMP,8,1048576,6458737,7872570
experimento,4,vectoradd,1048576,GUIDED,64,8,OMP,8,1048576,6254469,7420136
experimento,5,vectoradd,1048576,GUIDED,64,8,OMP,8,1048576,5524940,7151789
experimento,6,vectoradd,1048576,GUIDED,64,8,OMP,8,1048576,8727068,4112842
experimento,7,vectoradd,1048576,GUIDED,64,8,OMP,8,1048576,5627559,4131034
experimento,8,vectoradd,1048576,GUIDED,64,8,OMP,8,1048576,8741495,5807088
experimento,9,vectoradd,1048576,GUIDED,64,8,OMP,8,1048576,8888173,4606965
experimento,10,vectoradd,1048576,GUIDED,64,8,OMP,8,1048576,7781931,4048057
experimento,1,vectoradd,1048576,GUIDED,128,8,OMP,8,1048576,8446283,4015346
experimento,2,vectoradd,1048576,GUIDED,128,8,OMP,8,1048576,6201583,3999663
experimento,3,vectoradd,1048576,GUIDED,128,8,OMP,8,1048576,7201869,5919112
experimento,4,vectoradd,1048576,GUIDED,128,8,OMP,8,1048576,7563529,7285474
experimento,5,vectoradd,1048576,GUIDED,128,8,OMP,8,1048576,5544895,7417639
experimento,6,vectoradd,1048576,GUIDED,128,8,OMP,8,1048576,8792468,4909501
experimento,7,vectoradd,1048576,GUIDED,128,8,OMP,8,1048576,7208054,4010037
experimento,8,vectoradd,1048576,GUIDED,128,8,OMP,8,1048576,6929206,5371397
experimento,9,vectoradd,1048576,GUIDED,128,8,OMP,8,1048576,8369629,4172319
experimento,10,vectoradd,1048576,GUIDED,128,8,OMP,8,1048576,6144381,3996191
experimento,1,vectoradd,1048576,GUIDED,256,8,OMP,8,1048576,7854873,5360458
experimento,2,vectoradd,1048576,GUIDED,256,8,OMP,8,1048576,8913462,4226713
experimento,3,vectoradd,1048576,GUIDED,256,8,OMP,8,1048576,5906697,4083910
experimento,4,vectoradd,1048576,GUIDED,256,8,OMP,8,1048576,7918593,4928038
experimento,5,vectoradd,1048576,GUIDED,256,8,OMP,8,1048576,6175617,6466050
experimento,6,vectoradd,1048576,GUIDED,256,8,OMP,8,1048576,6499582,4019745
experimento,7,vectoradd,1048576,GUIDED,256,8,OMP,8,1048576,9099031,5986627
experimento,8,vectoradd,1048576,GUIDED,256,8,OMP,8,1048576,6613108,7079454
experimento,9,vectoradd,1048576,GUIDED,256,8,OMP,8,1048576,5974528,6559174
experimento,10,vectoradd,1048576,GUIDED,256,8,OMP,8,1048576,7810315,7620001
experimento,1,vectoradd,8388608,STATIC,16,1,OMP,1,8388608,41193932,194242155
experimento,2,vectoradd,8388608,STATIC,16,1,OMP,1,8388608,41230837,193649226
experimento,3,vectoradd,8388608,STATIC,16,1,OMP,1,8388608,39875249,193593993
experimento,4,vectoradd,8388608,STATIC,16,1,OMP,1,8388608,41309835,194269841
experimento,5,vectoradd,8388608,STATIC,16,1,OMP,1,8388608,41591183,193103604
experimento,6,vectoradd,8388608,STATIC,16,1,OMP,1,8388608,41331318,193637636
experimento,7,vectoradd,8388608,STATIC,16,1,OMP,1,8388608,41080803,193784414
experimento,8,vectoradd,8388608,STATIC,16,1,OMP,1,8388608,41293070,193745167
experimento,9,vectoradd,8388608,STATIC,16,1,OMP,1,8388608,40600084,193245846
experimento,10,vectoradd,8388608,STATIC,16,1,OMP,1,8388608,40903206,193482133
experimento,1,vectoradd,8388608,STATIC,32,1,OMP,1,8388608,42032131,193274273
experimento,2,vectoradd,8388608,STATIC,32,1,OMP,1,8388608,42069699,193790300
experimento,3,vectoradd,8388608,STATIC,32,1,OMP,1,8388608,41182119,192796817
experimento,4,vectoradd,8388608,STATIC,32,1,OMP,1,8388608,40800567,197001869
experimento,5,vectoradd,8388608,STATIC,32,1,OMP,1,8388608,41187414,193437742
experimento,6,vectoradd,8388608,STATIC,32,1,OMP,1,8388608,41135753,193918431
experimento,7,vectoradd,8388608,STATIC,32,1,OMP,1,8388608,40971272,193791686
experimento,8,vectoradd,8388608,STATIC,32,1,OMP,1,8388608,40768271,193519736
experimento,9,vectoradd,8388608,STATIC,32,1,OMP,1,8388608,40106177,192739731
experimento,10,vectoradd,8388608,STATIC,32,1,OMP,1,8388608,41153676,193126965
experimento,1,vectoradd,8388608,STATIC,64,1,OMP,1,8388608,40993441,229667545
experimento,2,vectoradd,8388608,STATIC,64,1,OMP,1,8388608,41295821,195865005
experimento,3,vectoradd,8388608,STATIC,64,1,OMP,1,8388608,41273600,193450749
experimento,4,vectoradd,8388608,STATIC,64,1,OMP,1,8388608,39722104,193217109
experimento,5,vectoradd,8388608,STATIC,64,1,OMP,1,8388608,42325691,191960993
experimento,6,vectoradd,8388608,STATIC,64,1,OMP,1,8388608,41932957,193816604
experimento,7,vectoradd,8388608,STATIC,64,1,OMP,1,8388608,42159726,193148526
experimento,8,vectoradd,8388608,STATIC,64,1,OMP,1,8388608,40080740,192715036
experimento,9,vectoradd,8388608,STATIC,64,1,OMP,1,8388608,42488230,193183218
experimento,10,vectoradd,8388608,STATIC,64,1,OMP,1,8388608,41043858,194049604
experimento,1,vectoradd,8388608,STATIC,128,1,OMP,1,8388608,40189430,193851549
experimento,2,vectoradd,8388608,STATIC,128,1,OMP,1,8388608,41406908,194776655
experimento,3,vectoradd,8388608,STATIC,128,1,OMP,1,8388608,43522328,195791725
experimento,4,vectoradd,8388608,STATIC,128,1,OMP,1,8388608,41306685,193985756
experimento,5,vectoradd,8388608,STATIC,128,1,OMP,1,8388608,41194156,193558007
experimento,6,vectoradd,8388608,STATIC,128,1,OMP,1,8388608,40699878,193718681
experimento,7,vectoradd,8388608,STATIC,128,1,OMP,1,8388608,41808115,193857771
experimento,8,vectoradd,8388608,STATIC,128,1,OMP,1,8388608,40901421,193664241
experimento,9,vectoradd,8388608,STATIC,128,1,OMP,1,8388608,40830380,194157314
experimento,10,vectoradd,8388608,STATIC,128,1,OMP,1,8388608,41159028,193634230
experimento,1,vectoradd,8388608,STATIC,256,1,OMP,1,8388608,41774827,194334699
experimento,2,vectoradd,8388608,STATIC,256,1,OMP,1,8388608,41458983,194209242
experimento,3,vectoradd,8388608,STATIC,256,1,OMP,1,8388608,41429631,194624738
experimento,4,vectoradd,8388608,STATIC,256,1,OMP,1,8388608,41421901,193151302
experimento,5,vectoradd,8388608,STATIC,256,1,OMP,1,8388608,40030117,194099520
experimento,6,vectoradd,8388608,STATIC,256,1,OMP,1,8388608,41470736,194394078
experimento,7,vectoradd,8388608,STATIC,256,1,OMP,1,8388608,41367560,192796244
experimento,8,vectoradd,8388608,STATIC,256,1,OMP,1,8388608,41357933,193987224
experimento,9,vectoradd,8388608,STATIC,256,1,OMP,1,8388608,40618985,193736275
experimento,10,vectoradd,8388608,STATIC,256,1,OMP,1,8388608,41736101,194217367
experimento,1,vectoradd,8388608,DYNAMIC,16,1,OMP,1,8388608,41298029,50751622
experimento,2,vectoradd,8388608,DYNAMIC,16,1,OMP,1,8388608,40003472,50148826
experimento,3,vectoradd,8388608,DYNAMIC,16,1,OMP,1,8388608,40820941,50143838
experimento,4,vectoradd,8388608,DYNAMIC,16,1,OMP,1,8388608,41693803,50553472
experimento,5,vectoradd,8388608,DYNAMIC,16,1,OMP,1,8388608,42242955,50545214
experimento,6,vectoradd,8388608,DYNAMIC,16,1,OMP,1,8388608,40660919,50422033
experimento,7,vectoradd,8388608,DYNAMIC,16,1,OMP,1,8388608,41975197,50602144
experimento,8,vectoradd,8388608,DYNAMIC,16,1,OMP,1,8388608,40483411,50492725
experimento,9,vectoradd,8388608,DYNAMIC,16,1,OMP,1,8388608,40648874,50233462
experimento,10,vectoradd,8388608,DYNAMIC,16,1,OMP,1,8388608,41042001,50772420
experimento,1,vectoradd,8388608,DYNAMIC,32,1,OMP,1,8388608,41397165,45919259
experimento,2,vectoradd,8388608,DYNAMIC,32,1,OMP,1,8388608,41182022,45503923
experimento,3,vectoradd,8388608,DYNAMIC,32,1,OMP,1,8388608,41363131,45315276
experimento,4,vectoradd,8388608,DYNAMIC,32,1,OMP,1,8388608,40765283,45074081
experimento,5,vectoradd,8388608,DYNAMIC,32,1,OMP,1,8388608,40876142,45136933
experimento,6,vectoradd,8388608,DYNAMIC,32,1,OMP,1,8388608,40806977,45258009
experimento,7,vectoradd,8388608,DYNAMIC,32,1,OMP,1,8388608,41257831,45428918
experimento,8,vectoradd,8388608,DYNAMIC,32,1,OMP,1,8388608,40130735,44640621
experimento,9,vectoradd,8388608,DYNAMIC,32,1,OMP,1,8388608,40709997,45262782
experimento,10,vectoradd,8388608,DYNAMIC,32,1,OMP,1,8388608,41052419,45490739
experimento,1,vectoradd,8388608,DYNAMIC,64,1,OMP,1,8388608,40601725,41696606
experimento,2,vectoradd,8388608,DYNAMIC,64,1,OMP,1,8388608,41304351,42261200
experimento,3,vectoradd,8388608,DYNAMIC,64,1,OMP,1,8388608,41663467,42079619
experimento,4,vectoradd,8388608,DYNAMIC,64,1,OMP,1,8388608,40079521,42655530
experimento,5,vectoradd,8388608,DYNAMIC,64,1,OMP,1,8388608,41274083,42099647
experimento,6,vectoradd,8388608,DYNAMIC,64,1,OMP,1,8388608,41071729,42218303
experimento,7,vectoradd,8388608,DYNAMIC,64,1,OMP,1,8388608,40500776,41523959
experimento,8,vectoradd,8388608,DYNAMIC,64,1,OMP,1,8388608,42509511,41340165
experimento,9,vectoradd,8388608,DYNAMIC,64,1,OMP,1,8388608,40712620,41836585
experimento,10,vectoradd,8388608,DYNAMIC,64,1,OMP,1,8388608,41161422,41989073
experimento,1,vectoradd,8388608,DYNAMIC,128,1,OMP,1,8388608,40555756,40054840
experimento,2,vectoradd,8388608,DYNAMIC,128,1,OMP,1,8388608,42740412,40719928
experimento,3,vectoradd,8388608,DYNAMIC,128,1,OMP,1,8388608,44702310,40627343
experimento,4,vectoradd,8388608,DYNAMIC,128,1,OMP,1,8388608,41515398,40427647
experimento,5,vectoradd,8388608,DYNAMIC,128,1,OMP,1,8388608,40711502,40694495
experimento,6,vectoradd,8388608,DYNAMIC,128,1,OMP,1,8388608,41453792,40539978
experimento,7,vectoradd,8388608,DYNAMIC,128,1,OMP,1,8388608,41052791,40761272
experimento,8,vectoradd,8388608,DYNAMIC,128,1,OMP,1,8388608,41506344,40954678
experimento,9,vectoradd,8388608,DYNAMIC,128,1,OMP,1,8388608,42145209,40778405
experimento,10,vectoradd,8388608,DYNAMIC,128,1,OMP,1,8388608,41354917,40253022
experimento,1,vectoradd,8388608,DYNAMIC,256,1,OMP,1,8388608,41171403,40002994
experimento,2,vectoradd,8388608,DYNAMIC,256,1,OMP,1,8388608,40470774,39054198
experimento,3,vectoradd,8388608,DYNAMIC,256,1,OMP,1,8388608,42650102,40107364
experimento,4,vectoradd,8388608,DYNAMIC,256,1,OMP,1,8388608,41073740,40136745
experimento,5,vectoradd,8388608,DYNAMIC,256,1,OMP,1,8388608,40964852,39615432
experimento,6,vectoradd,8388608,DYNAMIC,256,1,OMP,1,8388608,41305805,40073590
experimento,7,vectoradd,8388608,DYNAMIC,256,1,OMP,1,8388608,41305415,39850488
experimento,8,vectoradd,8388608,DYNAMIC,256,1,OMP,1,8388608,41062715,39817575
experimento,9,vectoradd,8388608,DYNAMIC,256,1,OMP,1,8388608,42540906,39949330
experimento,10,vectoradd,8388608,DYNAMIC,256,1,OMP,1,8388608,40100444,38642730
experimento,1,vectoradd,8388608,GUIDED,16,1,OMP,1,8388608,40129252,37985833
experimento,2,vectoradd,8388608,GUIDED,16,1,OMP,1,8388608,40719155,38570905
experimento,3,vectoradd,8388608,GUIDED,16,1,OMP,1,8388608,41297985,38740269
experimento,4,vectoradd,8388608,GUIDED,16,1,OMP,1,8388608,41992025,38759217
experimento,5,vectoradd,8388608,GUIDED,16,1,OMP,1,8388608,40396283,38235256
experimento,6,vectoradd,8388608,GUIDED,16,1,OMP,1,8388608,41137720,39315755
experimento,7,vectoradd,8388608,GUIDED,16,1,OMP,1,8388608,40399274,37786350
experimento,8,vectoradd,8388608,GUIDED,16,1,OMP,1,8388608,41225722,39597891
experimento,9,vectoradd,8388608,GUIDED,16,1,OMP,1,8388608,40662632,38471624
experimento,10,vectoradd,8388608,GUIDED,16,1,OMP,1,8388608,40692127,39301380
experimento,1,vectoradd,8388608,GUIDED,32,1,OMP,1,8388608,41005827,38968462
experimento,2,vectoradd,8388608,GUIDED,32,1,OMP,1,8388608,41206590,39290514
experimento,3,vectoradd,8388608,GUIDED,32,1,OMP,1,8388608,41167647,39021319
experimento,4,vectoradd,8388608,GUIDED,32,1,OMP,1,8388608,41946318,39317633
experimento,5,vectoradd,8388608,GUIDED,32,1,OMP,1,8388608,40488461,39431483
experimento,6,vectoradd,8388608,GUIDED,32,1,OMP,1,8388608,40058411,37607699
experimento,7,vectoradd,8388608,GUIDED,32,1,OMP,1,8388608,41314816,39373943
experimento,8,vectoradd,8388608,GUIDED,32,1,OMP,1,8388608,41631360,39195549
experimento,9,vectoradd,8388608,GUIDED,32,1,OMP,1,8388608,42158947,38667024
experimento,10,vectoradd,8388608,GUIDED,32,1,OMP,1,8388608,40765389,37538078
experimento,1,vectoradd,8388608,GUIDED,64,1,OMP,1,8388608,41113993,39417659
experimento,2,vectoradd,8388608,GUIDED,64,1,OMP,1,8388608,41868057,39336114
experimento,3,vectoradd,8388608,GUIDED,64,1,OMP,1,8388608,41504296,39214901
experimento,4,vectoradd,8388608,GUIDED,64,1,OMP,1,8388608,41088311,39353004
experimento,5,vectoradd,8388608,GUIDED,64,1,OMP,1,8388608,41378237,39374754
experimento,6,vectoradd,8388608,GUIDED,64,1,OMP,1,8388608,40125295,37693851
experimento,7,vectoradd,8388608,GUIDED,64,1,OMP,1,8388608,40192801,37597752
experimento,8,vectoradd,8388608,GUIDED,64,1,OMP,1,8388608,40339074,38205546
experimento,9,vectoradd,8388608,GUIDED,64,1,OMP,1,8388608,41469860,39025208
experimento,10,vectoradd,8388608,GUIDED,64,1,OMP,1,8388608,40311939,38591852
experimento,1,vectoradd,8388608,GUIDED,128,1,OMP,1,8388608,41253061,39382369
experimento,2,vectoradd,8388608,GUIDED,128,1,OMP,1,8388608,41437707,39117623
experimento,3,vectoradd,8388608,GUIDED,128,1,OMP,1,8388608,42125647,39555262
experimento,4,vectoradd,8388608,GUIDED,128,1,OMP,1,8388608,40101796,37550003
experimento,5,vectoradd,8388608,GUIDED,128,1,OMP,1,8388608,40997501,39205350
experimento,6,vectoradd,8388608,GUIDED,128,1,OMP,1,8388608,42268108,38622713
experimento,7,vectoradd,8388608,GUIDED,128,1,OMP,1,8388608,40876240,39055363
experimento,8,vectoradd,8388608,GUIDED,128,1,OMP,1,8388608,40983295,38965338
experimento,9,vectoradd,8388608,GUIDED,128,1,OMP,1,8388608,41162300,38954118
experimento,10,vectoradd,8388608,GUIDED,128,1,OMP,1,8388608,41161481,39473613
experimento,1,vectoradd,8388608,GUIDED,256,1,OMP,1,8388608,40309647,38665630
experimento,2,vectoradd,8388608,GUIDED,256,1,OMP,1,8388608,39771056,40208429
experimento,3,vectoradd,8388608,GUIDED,256,1,OMP,1,8388608,40897911,38878343
experimento,4,vectoradd,8388608,GUIDED,256,1,OMP,1,8388608,41090882,39270582
experimento,5,vectoradd,8388608,GUIDED,256,1,OMP,1,8388608,40169065,37621984
experimento,6,vectoradd,8388608,GUIDED,256,1,OMP,1,8388608,41330572,39209681
experimento,7,vectoradd,8388608,GUIDED,256,1,OMP,1,8388608,41050328,39288007
experimento,8,vectoradd,8388608,GUIDED,256,1,OMP,1,8388608,41242343,39551323
experimento,9,vectoradd,8388608,GUIDED,256,1,OMP,1,8388608,41304973,39400306
experimento,10,vectoradd,8388608,GUIDED,256,1,OMP,1,8388608,40771023,38761686
experimento,1,vectoradd,8388608,STATIC,16,2,OMP,2,8388608,40795174,628670859
experimento,2,vectoradd,8388608,STATIC,16,2,OMP,2,8388608,40865978,637003447
experimento,3,vectoradd,8388608,STATIC,16,2,OMP,2,8388608,40776651,620415194
experimento,4,vectoradd,8388608,STATIC,16,2,OMP,2,8388608,41033784,628035721
experimento,5,vectoradd,8388608,STATIC,16,2,OMP,2,8388608,41181681,619925349
experimento,6,vectoradd,8388608,STATIC,16,2,OMP,2,8388608,40906309,614423768
experimento,7,vectoradd,8388608,STATIC,16,2,OMP,2,8388608,40869653,627808467
experimento,8,vectoradd,8388608,STATIC,16,2,OMP,2,8388608,40985515,633105014
experimento,9,vectoradd,8388608,STATIC,16,2,OMP,2,8388608,40081303,618437534
experimento,10,vectoradd,8388608,STATIC,16,2,OMP,2,8388608,41147794,623308796
experimento,1,vectoradd,8388608,STATIC,32,2,OMP,2,8388608,40182077,616186215
experimento,2,vectoradd,8388608,STATIC,32,2,OMP,2,8388608,41220647,619420343
experimento,3,vectoradd,8388608,STATIC,32,2,OMP,2,8388608,40506833,612678332
experimento,4,vectoradd,8388608,STATIC,32,2,OMP,2,8388608,41465278,616647839
experimento,5,vectoradd,8388608,STATIC,32,2,OMP,2,8388608,40989456,622467265
experimento,6,vectoradd,8388608,STATIC,32,2,OMP,2,8388608,42881292,611759858
experimento,7,vectoradd,8388608,STATIC,32,2,OMP,2,8388608,41375219,620611455
experimento,8,vectoradd,8388608,STATIC,32,2,OMP,2,8388608,41053962,626654313
experimento,9,vectoradd,8388608,STATIC,32,2,OMP,2,8388608,41723436,383820418
experimento,10,vectoradd,8388608,STATIC,32,2,OMP,2,8388608,41234094,616719557
experimento,1,vectoradd,8388608,STATIC,64,2,OMP,2,8388608,41349031,619329224
experimento,2,vectoradd,8388608,STATIC,64,2,OMP,2,8388608,44747355,613995955
experimento,3,vectoradd,8388608,STATIC,64,2,OMP,2,8388608,41276386,621783289
experimento,4,vectoradd,8388608,STATIC,64,2,OMP,2,8388608,40463558,247515407
experimento,5,vectoradd,8388608,STATIC,64,2,OMP,2,8388608,41045891,618266225
experimento,6,vectoradd,8388608,STATIC,64,2,OMP,2,8388608,40440940,647171064
experimento,7,vectoradd,8388608,STATIC,64,2,OMP,2,8388608,41320017,613053626
experimento,8,vectoradd,8388608,STATIC,64,2,OMP,2,8388608,41301159,614448085
experimento,9,vectoradd,8388608,STATIC,64,2,OMP,2,8388608,40154923,619152070
experimento,10,vectoradd,8388608,STATIC,64,2,OMP,2,8388608,42727779,620764829
experimento,1,vectoradd,8388608,STATIC,128,2,OMP,2,8388608,39956218,636128536
experimento,2,vectoradd,8388608,STATIC,128,2,OMP,2,8388608,41056002,615183853
experimento,3,vectoradd,8388608,STATIC,128,2,OMP,2,8388608,41158908,616165788
experimento,4,vectoradd,8388608,STATIC,128,2,OMP,2,8388608,42659134,609384402
experimento,5,vectoradd,8388608,STATIC,128,2,OMP,2,8388608,41015593,623219199
experimento,6,vectoradd,8388608,STATIC,128,2,OMP,2,8388608,41797665,619299300
experimento,7,vectoradd,8388608,STATIC,128,2,OMP,2,8388608,41647586,635577749
experimento,8,vectoradd,8388608,STATIC,128,2,OMP,2,8388608,39623192,617231117
experimento,9,vectoradd,8388608,STATIC,128,2,OMP,2,8388608,40244742,610066547
experimento,10,vectoradd,8388608,STATIC,128,2,OMP,2,8388608,41132443,609038359
experimento,1,vectoradd,8388608,STATIC,256,2,OMP,2,8388608,40508981,632020730
experimento,2,vectoradd,8388608,STATIC,256,2,OMP,2,8388608,41938089,621300395
experimento,3,vectoradd,8388608,STATIC,256,2,OMP,2,8388608,41119540,617037045
experimento,4,vectoradd,8388608,STATIC,256,2,OMP,2,8388608,41915750,605231021
experimento,5,vectoradd,8388608,STATIC,256,2,OMP,2,8388608,40288801,621333147
experimento,6,vectoradd,8388608,STATIC,256,2,OMP,2,8388608,41295389,629192648
experimento,7,vectoradd,8388608,STATIC,256,2,OMP,2,8388608,41224635,635137551
experimento,8,vectoradd,8388608,STATIC,256,2,OMP,2,8388608,40812144,503056688
experimento,9,vectoradd,8388608,STATIC,256,2,OMP,2,8388608,41489663,631301844
experimento,10,vectoradd,8388608,STATIC,256,2,OMP,2,8388608,42489374,630693675
experimento,1,vectoradd,8388608,DYNAMIC,16,2,OMP,2,8388608,39952571,48939350
experimento,2,vectoradd,8388608,DYNAMIC,16,2,OMP,2,8388608,41314306,49018067
experimento,3,vectoradd,8388608,DYNAMIC,16,2,OMP,2,8388608,40140708,48866544
experimento,4,vectoradd,8388608,DYNAMIC,16,2,OMP,2,8388608,41091233,49921921
experimento,5,vectoradd,8388608,DYNAMIC,16,2,OMP,2,8388608,40807507,49025361
experimento,6,vectoradd,8388608,DYNAMIC,16,2,OMP,2,8388608,41390762,49273994
experimento,7,vectoradd,8388608,DYNAMIC,16,2,OMP,2,8388608,41006364,49055371
experimento,8,vectoradd,8388608,DYNAMIC,16,2,OMP,2,8388608,41259495,48865169
experimento,9,vectoradd,8388608,DYNAMIC,16,2,OMP,2,8388608,40766714,48954665
experimento,10,vectoradd,8388608,DYNAMIC,16,2,OMP,2,8388608,40663612,48980586
experimento,1,vectoradd,8388608,DYNAMIC,32,2,OMP,2,8388608,41021677,38919586
experimento,2,vectoradd,8388608,DYNAMIC,32,2,OMP,2,8388608,41949788,38654402
experimento,3,vectoradd,8388608,DYNAMIC,32,2,OMP,2,8388608,42067995,38574701
experimento,4,vectoradd,8388608,DYNAMIC,32,2,OMP,2,8388608,41385742,38827669
experimento,5,vectoradd,8388608,DYNAMIC,32,2,OMP,2,8388608,41092797,38613959
experimento,6,vectoradd,8388608,DYNAMIC,32,2,OMP,2,8388608,41371600,38919388
experimento,7,vectoradd,8388608,DYNAMIC,32,2,OMP,2,8388608,39882484,38461107
experimento,8,vectoradd,8388608,DYNAMIC,32,2,OMP,2,8388608,40447344,38196195
experimento,9,vectoradd,8388608,DYNAMIC,32,2,OMP,2,8388608,40912397,38383680
experimento,10,vectoradd,8388608,DYNAMIC,32,2,OMP,2,8388608,40638868,38532058
experimento,1,vectoradd,8388608,DYNAMIC,64,2,OMP,2,8388608,41373157,32799100
experimento,2,vectoradd,8388608,DYNAMIC,64,2,OMP,2,8388608,41726646,33090967
experimento,3,vectoradd,8388608,DYNAMIC,64,2,OMP,2,8388608,41197096,33034124
experimento,4,vectoradd,8388608,DYNAMIC,64,2,OMP,2,8388608,39767129,33343819
experimento,5,vectoradd,8388608,DYNAMIC,64,2,OMP,2,8388608,41285499,33180911
experimento,6,vectoradd,8388608,DYNAMIC,64,2,OMP,2,8388608,41476352,34062694
experimento,7,vectoradd,8388608,DYNAMIC,64,2,OMP,2,8388608,41334266,33081023
experimento,8,vectoradd,8388608,DYNAMIC,64,2,OMP,2,8388608,41099898,34529385
experimento,9,vectoradd,8388608,DYNAMIC,64,2,OMP,2,8388608,41246059,33356378
experimento,10,vectoradd,8388608,DYNAMIC,64,2,OMP,2,8388608,40036518,33056187
experimento,1,vectoradd,8388608,DYNAMIC,128,2,OMP,2,8388608,41066415,30475703
experimento,2,vectoradd,8388608,DYNAMIC,128,2,OMP,2,8388608,40548694,30470445
experimento,3,vectoradd,8388608,DYNAMIC,128,2,OMP,2,8388608,41058988,30888009
experimento,4,vectoradd,8388608,DYNAMIC,128,2,OMP,2,8388608,41291964,30451714
experimento,5,vectoradd,8388608,DYNAMIC,128,2,OMP,2,8388608,40249646,30400736
experimento,6,vectoradd,8388608,DYNAMIC,128,2,OMP,2,8388608,41592777,30507807
experimento,7,vectoradd,8388608,DYNAMIC,128,2,OMP,2,8388608,41597967,30417403
experimento,8,vectoradd,8388608,DYNAMIC,128,2,OMP,2,8388608,40853208,30396974
experimento,9,vectoradd,8388608,DYNAMIC,128,2,OMP,2,8388608,40365849,30658573
experimento,10,vectoradd,8388608,DYNAMIC,128,2,OMP,2,8388608,41198305,30423349
experimento,1,vectoradd,8388608,DYNAMIC,256,2,OMP,2,8388608,40132403,30059699
experimento,2,vectoradd,8388608,DYNAMIC,256,2,OMP,2,8388608,40066995,30257172
experimento,3,vectoradd,8388608,DYNAMIC,256,2,OMP,2,8388608,40743669,30251320
experimento,4,vectoradd,8388608,DYNAMIC,256,2,OMP,2,8388608,41707656,29769019
experimento,5,vectoradd,8388608,DYNAMIC,256,2,OMP,2,8388608,41439157,29935475
experimento,6,vectoradd,8388608,DYNAMIC,256,2,OMP,2,8388608,40746456,29778208
experimento,7,vectoradd,8388608,DYNAMIC,256,2,OMP,2,8388608,40173377,29898419
experimento,8,vectoradd,8388608,DYNAMIC,256,2,OMP,2,8388608,41064977,29898900
experimento,9,vectoradd,8388608,DYNAMIC,256,2,OMP,2,8388608,40755059,29743632
experimento,10,vectoradd,8388608,DYNAMIC,256,2,OMP,2,8388608,41383371,30345696
experimento,1,vectoradd,8388608,GUIDED,16,2,OMP,2,8388608,41529531,28832957
experimento,2,vectoradd,8388608,GUIDED,16,2,OMP,2,8388608,41019553,28824036
experimento,3,vectoradd,8388608,GUIDED,16,2,OMP,2,8388608,41423818,28911532
experimento,4,vectoradd,8388608,GUIDED,16,2,OMP,2,8388608,40156953,28935719
experimento,5,vectoradd,8388608,GUIDED,16,2,OMP,2,8388608,40677701,28954808
experimento,6,vectoradd,8388608,GUIDED,16,2,OMP,2,8388608,40695531,28730612
experimento,7,vectoradd,8388608,GUIDED,16,2,OMP,2,8388608,41345475,28908874
experimento,8,vectoradd,8388608,GUIDED,16,2,OMP,2,8388608,42640300,28828834
experimento,9,vectoradd,8388608,GUIDED,16,2,OMP,2,8388608,41619352,29123915
experimento,10,vectoradd,8388608,GUIDED,16,2,OMP,2,8388608,43651337,28886965
experimento,1,vectoradd,8388608,GUIDED,32,2,OMP,2,8388608,40944583,28918558
experimento,2,vectoradd,8388608,GUIDED,32,2,OMP,2,8388608,41205066,29037326
experimento,3,vectoradd,8388608,GUIDED,32,2,OMP,2,8388608,40843016,29038894
experimento,4,vectoradd,8388608,GUIDED,32,2,OMP,2,8388608,41151602,28675657
experimento,5,vectoradd,8388608,GUIDED,32,2,OMP,2,8388608,41996737,28866175
experimento,6,vectoradd,8388608,GUIDED,32,2,OMP,2,8388608,40966538,28863715
experimento,7,vectoradd,8388608,GUIDED,32,2,OMP,2,8388608,41331298,28896067
experimento,8,vectoradd,8388608,GUIDED,32,2,OMP,2,8388608,39787400,29501917
experimento,9,vectoradd,8388608,GUIDED,32,2,OMP,2,8388608,41000320,28998977
experimento,10,vectoradd,8388608,GUIDED,32,2,OMP,2,8388608,41353500,28702344
experimento,1,vectoradd,8388608,GUIDED,64,2,OMP,2,8388608,39893169,28898119
experimento,2,vectoradd,8388608,GUIDED,64,2,OMP,2,8388608,40587877,29045173
experimento,3,vectoradd,8388608,GUIDED,64,2,OMP,2,8388608,40886543,28967047
experimento,4,vectoradd,8388608,GUIDED,64,2,OMP,2,8388608,40728054,28695668
experimento,5,vectoradd,8388608,GUIDED,64,2,OMP,2,8388608,41267537,28772485
experimento,6,vectoradd,8388608,GUIDED,64,2,OMP,2,8388608,41262784,28799316
experimento,7,vectoradd,8388608,GUIDED,64,2,OMP,2,8388608,40197949,28544550
experimento,8,vectoradd,8388608,GUIDED,64,2,OMP,2,8388608,40955808,28936411
experimento,9,vectoradd,8388608,GUIDED,64,2,OMP,2,8388608,41610116,28728143
experimento,10,vectoradd,8388608,GUIDED,64,2,OMP,2,8388608,40601303,28793439
experimento,1,vectoradd,8388608,GUIDED,128,2,OMP,2,8388608,40931842,28856660
experimento,2,vectoradd,8388608,GUIDED,128,2,OMP,2,8388608,40689595,28939058
experimento,3,vectoradd,8388608,GUIDED,128,2,OMP,2,8388608,40794159,29239408
experimento,4,vectoradd,8388608,GUIDED,128,2,OMP,2,8388608,40651873,28759290
experimento,5,vectoradd,8388608,GUIDED,128,2,OMP,2,8388608,41129035,28751746
experimento,6,vectoradd,8388608,GUIDED,128,2,OMP,2,8388608,41533786,29489965
experimento,7,vectoradd,8388608,GUIDED,128,2,OMP,2,8388608,40440284,28988550
experimento,8,vectoradd,8388608,GUIDED,128,2,OMP,2,8388608,40700317,28823520
experimento,9,vectoradd,8388608,GUIDED,128,2,OMP,2,8388608,41102286,28828605
experimento,10,vectoradd,8388608,GUIDED,128,2,OMP,2,8388608,41706318,28961701
experimento,1,vectoradd,8388608,GUIDED,256,2,OMP,2,8388608,41279489,28777361
experimento,2,vectoradd,8388608,GUIDED,256,2,OMP,2,8388608,41258563,29008954
experimento,3,vectoradd,8388608,GUIDED,256,2,OMP,2,8388608,41258791,28761131
experimento,4,vectoradd,8388608,GUIDED,256,2,OMP,2,8388608,40924290,28940388
experimento,5,vectoradd,8388608,GUIDED,256,2,OMP,2,8388608,41414056,28772966
experimento,6,vectoradd,8388608,GUIDED,256,2,OMP,2,8388608,40914805,28728788
experimento,7,vectoradd,8388608,GUIDED,256,2,OMP,2,8388608,41225917,28910310
experimento,8,vectoradd,8388608,GUIDED,256,2,OMP,2,8388608,42877314,28735294
experimento,9,vectoradd,8388608,GUIDED,256,2,OMP,2,8388608,41417364,29369788
experimento,10,vectoradd,8388608,GUIDED,256,2,OMP,2,8388608,39807118,28873741
experimento,1,vectoradd,8388608,STATIC,16,4,OMP,4,8388608,41383053,368553018
experimento,2,vectoradd,8388608,STATIC,16,4,OMP,4,8388608,39947740,366342657
experimento,3,vectoradd,8388608,STATIC,16,4,OMP,4,8388608,42593843,362493789
experimento,4,vectoradd,8388608,STATIC,16,4,OMP,4,8388608,40883224,369700765
experimento,5,vectoradd,8388608,STATIC,16,4,OMP,4,8388608,42217494,360995738
experimento,6,vectoradd,8388608,STATIC,16,4,OMP,4,8388608,40206976,367163693
experimento,7,vectoradd,8388608,STATIC,16,4,OMP,4,8388608,40163840,366583209
experimento,8,vectoradd,8388608,STATIC,16,4,OMP,4,8388608,43459652,371025628
experimento,9,vectoradd,8388608,STATIC,16,4,OMP,4,8388608,40659001,358706255
experimento,10,vectoradd,8388608,STATIC,16,4,OMP,4,8388608,40759779,370065170
experimento,1,vectoradd,8388608,STATIC,32,4,OMP,4,8388608,40245155,371302353
experimento,2,vectoradd,8388608,STATIC,32,4,OMP,4,8388608,41184602,367655587
experimento,3,vectoradd,8388608,STATIC,32,4,OMP,4,8388608,41367598,367451024
experimento,4,vectoradd,8388608,STATIC,32,4,OMP,4,8388608,40211968,360574349
experimento,5,vectoradd,8388608,STATIC,32,4,OMP,4,8388608,40282524,371435171
experimento,6,vectoradd,8388608,STATIC,32,4,OMP,4,8388608,41437575,360867717
experimento,7,vectoradd,8388608,STATIC,32,4,OMP,4,8388608,41196210,370093184
experimento,8,vectoradd,8388608,STATIC,32,4,OMP,4,8388608,41571092,361632350
experimento,9,vectoradd,8388608,STATIC,32,4,OMP,4,8388608,41165983,374012675
experimento,10,vectoradd,8388608,STATIC,32,4,OMP,4,8388608,41230334,362871254
experimento,1,vectoradd,8388608,STATIC,64,4,OMP,4,8388608,40807204,370273596
experimento,2,vectoradd,8388608,STATIC,64,4,OMP,4,8388608,41278210,360254865
experimento,3,vectoradd,8388608,STATIC,64,4,OMP,4,8388608,41134574,370905795
experimento,4,vectoradd,8388608,STATIC,64,4,OMP,4,8388608,40894132,370457426
experimento,5,vectoradd,8388608,STATIC,64,4,OMP,4,8388608,40598746,368002401
experimento,6,vectoradd,8388608,STATIC,64,4,OMP,4,8388608,41138699,370100268
experimento,7,vectoradd,8388608,STATIC,64,4,OMP,4,8388608,41187449,358343067
experimento,8,vectoradd,8388608,STATIC,64,4,OMP,4,8388608,41192197,368896177
experimento,9,vectoradd,8388608,STATIC,64,4,OMP,4,8388608,40797675,367389535
experimento,10,vectoradd,8388608,STATIC,64,4,OMP,4,8388608,40564946,360166121
experimento,1,vectoradd,8388608,STATIC,128,4,OMP,4,8388608,40118702,366385675
experimento,2,vectoradd,8388608,STATIC,128,4,OMP,4,8388608,40793973,370670926
experimento,3,vectoradd,8388608,STATIC,128,4,OMP,4,8388608,42388357,367386663
experimento,4,vectoradd,8388608,STATIC,128,4,OMP,4,8388608,40543631,369950774
experimento,5,vectoradd,8388608,STATIC,128,4,OMP,4,8388608,41318818,361761785
experimento,6,vectoradd,8388608,STATIC,128,4,OMP,4,8388608,41458697,369732199
experimento,7,vectoradd,8388608,STATIC,128,4,OMP,4,8388608,39759054,372072973
experimento,8,vectoradd,8388608,STATIC,128,4,OMP,4,8388608,41597599,362156897
experimento,9,vectoradd,8388608,STATIC,128,4,OMP,4,8388608,41286319,370418250
experimento,10,vectoradd,8388608,STATIC,128,4,OMP,4,8388608,40227911,375341327
experimento,1,vectoradd,8388608,STATIC,256,4,OMP,4,8388608,40339604,381466563
experimento,2,vectoradd,8388608,STATIC,256,4,OMP,4,8388608,44816319,359324858
experimento,3,vectoradd,8388608,STATIC,256,4,OMP,4,8388608,41078598,372670249
experimento,4,vectoradd,8388608,STATIC,256,4,OMP,4,8388608,40098557,360514725
experimento,5,vectoradd,8388608,STATIC,256,4,OMP,4,8388608,41158911,368952305
experimento,6,vectoradd,8388608,STATIC,256,4,OMP,4,8388608,40125211,371409243
experimento,7,vectoradd,8388608,STATIC,256,4,OMP,4,8388608,41182881,370279953
experimento,8,vectoradd,8388608,STATIC,256,4,OMP,4,8388608,41247137,370281523
experimento,9,vectoradd,8388608,STATIC,256,4,OMP,4,8388608,40420141,370483894
experimento,10,vectoradd,8388608,STATIC,256,4,OMP,4,8388608,41093042,370348137
experimento,1,vectoradd,8388608,DYNAMIC,16,4,OMP,4,8388608,40675123,41875604
experimento,2,vectoradd,8388608,DYNAMIC,16,4,OMP,4,8388608,41145758,41857478
experimento,3,vectoradd,8388608,DYNAMIC,16,4,OMP,4,8388608,40090172,41864746
experimento,4,vectoradd,8388608,DYNAMIC,16,4,OMP,4,8388608,40671891,42987126
experimento,5,vectoradd,8388608,DYNAMIC,16,4,OMP,4,8388608,40245576,42541864
experimento,6,vectoradd,8388608,DYNAMIC,16,4,OMP,4,8388608,40090258,41755886
experimento,7,vectoradd,8388608,DYNAMIC,16,4,OMP,4,8388608,40150656,42330703
experimento,8,vectoradd,8388608,DYNAMIC,16,4,OMP,4,8388608,40970432,41979718
experimento,9,vectoradd,8388608,DYNAMIC,16,4,OMP,4,8388608,41333828,42101576
experimento,10,vectoradd,8388608,DYNAMIC,16,4,OMP,4,8388608,40015364,41612787
experimento,1,vectoradd,8388608,DYNAMIC,32,4,OMP,4,8388608,41332175,38293813
experimento,2,vectoradd,8388608,DYNAMIC,32,4,OMP,4,8388608,40444241,35977289
experimento,3,vectoradd,8388608,DYNAMIC,32,4,OMP,4,8388608,41063892,36042162
experimento,4,vectoradd,8388608,DYNAMIC,32,4,OMP,4,8388608,41422654,36196936
experimento,5,vectoradd,8388608,DYNAMIC,32,4,OMP,4,8388608,40782894,35959806
experimento,6,vectoradd,8388608,DYNAMIC,32,4,OMP,4,8388608,40073421,38553998
experimento,7,vectoradd,8388608,DYNAMIC,32,4,OMP,4,8388608,41349752,39915848
experimento,8,vectoradd,8388608,DYNAMIC,32,4,OMP,4,8388608,42694882,40750949
experimento,9,vectoradd,8388608,DYNAMIC,32,4,OMP,4,8388608,41255815,36048642
experimento,10,vectoradd,8388608,DYNAMIC,32,4,OMP,4,8388608,40231725,37275073
experimento,1,vectoradd,8388608,DYNAMIC,64,4,OMP,4,8388608,41142635,33488878
experimento,2,vectoradd,8388608,DYNAMIC,64,4,OMP,4,8388608,44445445,33746667
experimento,3,vectoradd,8388608,DYNAMIC,64,4,OMP,4,8388608,40759538,34062168
experimento,4,vectoradd,8388608,DYNAMIC,64,4,OMP,4,8388608,40524602,34328094
experimento,5,vectoradd,8388608,DYNAMIC,64,4,OMP,4,8388608,40901058,33192410
experimento,6,vectoradd,8388608,DYNAMIC,64,4,OMP,4,8388608,41234788,33454104
experimento,7,vectoradd,8388608,DYNAMIC,64,4,OMP,4,8388608,41090056,33449776
experimento,8,vectoradd,8388608,DYNAMIC,64,4,OMP,4,8388608,40182875,34713773
experimento,9,vectoradd,8388608,DYNAMIC,64,4,OMP,4,8388608,40780254,34135511
experimento,10,vectoradd,8388608,DYNAMIC,64,4,OMP,4,8388608,40507888,33421658
experimento,1,vectoradd,8388608,DYNAMIC,128,4,OMP,4,8388608,41198913,32437302
experimento,2,vectoradd,8388608,DYNAMIC,128,4,OMP,4,8388608,40596268,30515782
experimento,3,vectoradd,8388608,DYNAMIC,128,4,OMP,4,8388608,41081464,30749272
experimento,4,vectoradd,8388608,DYNAMIC,128,4,OMP,4,8388608,40473750,32349521
experimento,5,vectoradd,8388608,DYNAMIC,128,4,OMP,4,8388608,40262702,32465825
experimento,6,vectoradd,8388608,DYNAMIC,128,4,OMP,4,8388608,41205275,32487111
experimento,7,vectoradd,8388608,DYNAMIC,128,4,OMP,4,8388608,40977893,32470512
experimento,8,vectoradd,8388608,DYNAMIC,128,4,OMP,4,8388608,41102201,32550119
experimento,9,vectoradd,8388608,DYNAMIC,128,4,OMP,4,8388608,41293649,32553155
experimento,10,vectoradd,8388608,DYNAMIC,128,4,OMP,4,8388608,41432487,33248295
experimento,1,vectoradd,8388608,DYNAMIC,256,4,OMP,4,8388608,41560678,32074002
experimento,2,vectoradd,8388608,DYNAMIC,256,4,OMP,4,8388608,41917920,37307465
experimento,3,vectoradd,8388608,DYNAMIC,256,4,OMP,4,8388608,41405745,32969952
experimento,4,vectoradd,8388608,DYNAMIC,256,4,OMP,4,8388608,41251161,33045671
experimento,5,vectoradd,8388608,DYNAMIC,256,4,OMP,4,8388608,41546580,32384646
experimento,6,vectoradd,8388608,DYNAMIC,256,4,OMP,4,8388608,40099754,41184519
experimento,7,vectoradd,8388608,DYNAMIC,256,4,OMP,4,8388608,45507441,30847536
experimento,8,vectoradd,8388608,DYNAMIC,256,4,OMP,4,8388608,40995450,31982774
experimento,9,vectoradd,8388608,DYNAMIC,256,4,OMP,4,8388608,40830749,31988159
experimento,10,vectoradd,8388608,DYNAMIC,256,4,OMP,4,8388608,40670634,32029771
experimento,1,vectoradd,8388608,GUIDED,16,4,OMP,4,8388608,41158097,31439927
experimento,2,vectoradd,8388608,GUIDED,16,4,OMP,4,8388608,40619264,30565234
experimento,3,vectoradd,8388608,GUIDED,16,4,OMP,4,8388608,39932827,31567318
experimento,4,vectoradd,8388608,GUIDED,16,4,OMP,4,8388608,43641171,29340324
experimento,5,vectoradd,8388608,GUIDED,16,4,OMP,4,8388608,41221544,31736290
experimento,6,vectoradd,8388608,GUIDED,16,4,OMP,4,8388608,40967550,37400189
experimento,7,vectoradd,8388608,GUIDED,16,4,OMP,4,8388608,43695676,31705540
experimento,8,vectoradd,8388608,GUIDED,16,4,OMP,4,8388608,39752183,33123090
experimento,9,vectoradd,8388608,GUIDED,16,4,OMP,4,8388608,41262384,31762013
experimento,10,vectoradd,8388608,GUIDED,16,4,OMP,4,8388608,39971936,31636309
experimento,1,vectoradd,8388608,GUIDED,32,4,OMP,4,8388608,40524725,32625193
experimento,2,vectoradd,8388608,GUIDED,32,4,OMP,4,8388608,40600897,34761144
experimento,3,vectoradd,8388608,GUIDED,32,4,OMP,4,8388608,40970780,32522581
experimento,4,vectoradd,8388608,GUIDED,32,4,OMP,4,8388608,41280762,31283552
experimento,5,vectoradd,8388608,GUIDED,32,4,OMP,4,8388608,41185319,31830237
experimento,6,vectoradd,8388608,GUIDED,32,4,OMP,4,8388608,40090079,31423379
experimento,7,vectoradd,8388608,GUIDED,32,4,OMP,4,8388608,41764138,31852973
experimento,8,vectoradd,8388608,GUIDED,32,4,OMP,4,8388608,40983872,31467809
experimento,9,vectoradd,8388608,GUIDED,32,4,OMP,4,8388608,40547957,34909303
experimento,10,vectoradd,8388608,GUIDED,32,4,OMP,4,8388608,41435489,31309336
experimento,1,vectoradd,8388608,GUIDED,64,4,OMP,4,8388608,41044242,37425851
experimento,2,vectoradd,8388608,GUIDED,64,4,OMP,4,8388608,40721036,31354158
experimento,3,vectoradd,8388608,GUIDED,64,4,OMP,4,8388608,41176283,29997840
experimento,4,vectoradd,8388608,GUIDED,64,4,OMP,4,8388608,41032958,31401002
experimento,5,vectoradd,8388608,GUIDED,64,4,OMP,4,8388608,41189240,31369059
experimento,6,vectoradd,8388608,GUIDED,64,4,OMP,4,8388608,41205089,32719963
experimento,7,vectoradd,8388608,GUIDED,64,4,OMP,4,8388608,41167669,31352121
experimento,8,vectoradd,8388608,GUIDED,64,4,OMP,4,8388608,41334146,33581140
experimento,9,vectoradd,8388608,GUIDED,64,4,OMP,4,8388608,40903729,31420361
experimento,10,vectoradd,8388608,GUIDED,64,4,OMP,4,8388608,40644224,32176321
experimento,1,vectoradd,8388608,GUIDED,128,4,OMP,4,8388608,40708280,35013776
experimento,2,vectoradd,8388608,GUIDED,128,4,OMP,4,8388608,39699305,31770063
experimento,3,vectoradd,8388608,GUIDED,128,4,OMP,4,8388608,40890447,31943527
experimento,4,vectoradd,8388608,GUIDED,128,4,OMP,4,8388608,40019346,31782191
experimento,5,vectoradd,8388608,GUIDED,128,4,OMP,4,8388608,40029123,31648554
experimento,6,vectoradd,8388608,GUIDED,128,4,OMP,4,8388608,42131935,35803288
experimento,7,vectoradd,8388608,GUIDED,128,4,OMP,4,8388608,40509150,33267180
experimento,8,vectoradd,8388608,GUIDED,128,4,OMP,4,8388608,41038851,31387575
experimento,9,vectoradd,8388608,GUIDED,128,4,OMP,4,8388608,41232208,30944620
experimento,10,vectoradd,8388608,GUIDED,128,4,OMP,4,8388608,41138441,31728101
experimento,1,vectoradd,8388608,GUIDED,256,4,OMP,4,8388608,41390881,31468582
experimento,2,vectoradd,8388608,GUIDED,256,4,OMP,4,8388608,41040161,31307868
experimento,3,vectoradd,8388608,GUIDED,256,4,OMP,4,8388608,40618526,30637575
experimento,4,vectoradd,8388608,GUIDED,256,4,OMP,4,8388608,41097704,31819160
experimento,5,vectoradd,8388608,GUIDED,256,4,OMP,4,8388608,41202565,31531688
experimento,6,vectoradd,8388608,GUIDED,256,4,OMP,4,8388608,40790552,31348834
experimento,7,vectoradd,8388608,GUIDED,256,4,OMP,4,8388608,41463943,31354516
experimento,8,vectoradd,8388608,GUIDED,256,4,OMP,4,8388608,40859664,31321172
experimento,9,vectoradd,8388608,GUIDED,256,4,OMP,4,8388608,43116180,31337242
experimento,10,vectoradd,8388608,GUIDED,256,4,OMP,4,8388608,40271525,31381653
experimento,1,vectoradd,8388608,STATIC,16,8,OMP,8,8388608,42236506,367931050
experimento,2,vectoradd,8388608,STATIC,16,8,OMP,8,8388608,40782975,354294853
experimento,3,vectoradd,8388608,STATIC,16,8,OMP,8,8388608,40586318,366676319
experimento,4,vectoradd,8388608,STATIC,16,8,OMP,8,8388608,40353212,358085920
experimento,5,vectoradd,8388608,STATIC,16,8,OMP,8,8388608,40819379,368050426
experimento,6,vectoradd,8388608,STATIC,16,8,OMP,8,8388608,40103640,365549681
experimento,7,vectoradd,8388608,STATIC,16,8,OMP,8,8388608,41305658,360333094
experimento,8,vectoradd,8388608,STATIC,16,8,OMP,8,8388608,40638075,372515851
experimento,9,vectoradd,8388608,STATIC,16,8,OMP,8,8388608,41404224,366395216
experimento,10,vectoradd,8388608,STATIC,16,8,OMP,8,8388608,40658408,359206557
experimento,1,vectoradd,8388608,STATIC,32,8,OMP,8,8388608,39870484,368821078
experimento,2,vectoradd,8388608,STATIC,32,8,OMP,8,8388608,40284510,370007514
experimento,3,vectoradd,8388608,STATIC,32,8,OMP,8,8388608,41232096,374003193
experimento,4,vectoradd,8388608,STATIC,32,8,OMP,8,8388608,41048453,364963218
experimento,5,vectoradd,8388608,STATIC,32,8,OMP,8,8388608,40352843,374900106
experimento,6,vectoradd,8388608,STATIC,32,8,OMP,8,8388608,39969310,359593721
experimento,7,vectoradd,8388608,STATIC,32,8,OMP,8,8388608,41287120,359825704
experimento,8,vectoradd,8388608,STATIC,32,8,OMP,8,8388608,40986215,360137046
experimento,9,vectoradd,8388608,STATIC,32,8,OMP,8,8388608,40271164,358411640
experimento,10,vectoradd,8388608,STATIC,32,8,OMP,8,8388608,41393071,365068641
experimento,1,vectoradd,8388608,STATIC,64,8,OMP,8,8388608,40523298,366583620
experimento,2,vectoradd,8388608,STATIC,64,8,OMP,8,8388608,41229008,365531056
experimento,3,vectoradd,8388608,STATIC,64,8,OMP,8,8388608,40644363,356193439
experimento,4,vectoradd,8388608,STATIC,64,8,OMP,8,8388608,43132812,355056638
experimento,5,vectoradd,8388608,STATIC,64,8,OMP,8,8388608,40847211,369164384
experimento,6,vectoradd,8388608,STATIC,64,8,OMP,8,8388608,41216742,359414954
experimento,7,vectoradd,8388608,STATIC,64,8,OMP,8,8388608,40820364,368012730
experimento,8,vectoradd,8388608,STATIC,64,8,OMP,8,8388608,41251312,359787363
experimento,9,vectoradd,8388608,STATIC,64,8,OMP,8,8388608,40582956,359820169
experimento,10,vectoradd,8388608,STATIC,64,8,OMP,8,8388608,41208987,355861477
experimento,1,vectoradd,8388608,STATIC,128,8,OMP,8,8388608,40769398,365147602
experimento,2,vectoradd,8388608,STATIC,128,8,OMP,8,8388608,40029683,359185989
experimento,3,vectoradd,8388608,STATIC,128,8,OMP,8,8388608,41014232,366693095
experimento,4,vectoradd,8388608,STATIC,128,8,OMP,8,8388608,39980704,358019431
experimento,5,vectoradd,8388608,STATIC,128,8,OMP,8,8388608,40924041,357075009
experimento,6,vectoradd,8388608,STATIC,128,8,OMP,8,8388608,41430690,372246350
experimento,7,vectoradd,8388608,STATIC,128,8,OMP,8,8388608,41690546,356405504
experimento,8,vectoradd,8388608,STATIC,128,8,OMP,8,8388608,40619272,359871134
experimento,9,vectoradd,8388608,STATIC,128,8,OMP,8,8388608,39750585,359358389
experimento,10,vectoradd,8388608,STATIC,128,8,OMP,8,8388608,39986668,366821064
experimento,1,vectoradd,8388608,STATIC,256,8,OMP,8,8388608,40834381,364221477
experimento,2,vectoradd,8388608,STATIC,256,8,OMP,8,8388608,40539269,368961608
experimento,3,vectoradd,8388608,STATIC,256,8,OMP,8,8388608,41305724,370949811
experimento,4,vectoradd,8388608,STATIC,256,8,OMP,8,8388608,40942744,368753899
experimento,5,vectoradd,8388608,STATIC,256,8,OMP,8,8388608,41212137,364079359
experimento,6,vectoradd,8388608,STATIC,256,8,OMP,8,8388608,41376719,361442775
experimento,7,vectoradd,8388608,STATIC,256,8,OMP,8,8388608,41192461,368386414
experimento,8,vectoradd,8388608,STATIC,256,8,OMP,8,8388608,40533667,358189314
experimento,9,vectoradd,8388608,STATIC,256,8,OMP,8,8388608,41907472,370401247
experimento,10,vectoradd,8388608,STATIC,256,8,OMP,8,8388608,40760523,368513130
experimento,1,vectoradd,8388608,DYNAMIC,16,8,OMP,8,8388608,40848909,40882680
experimento,2,vectoradd,8388608,DYNAMIC,16,8,OMP,8,8388608,39807783,41108647
experimento,3,vectoradd,8388608,DYNAMIC,16,8,OMP,8,8388608,39853412,41913512
experimento,4,vectoradd,8388608,DYNAMIC,16,8,OMP,8,8388608,41239015,39804708
experimento,5,vectoradd,8388608,DYNAMIC,16,8,OMP,8,8388608,42162509,40209047
experimento,6,vectoradd,8388608,DYNAMIC,16,8,OMP,8,8388608,41251143,39934259
experimento,7,vectoradd,8388608,DYNAMIC,16,8,OMP,8,8388608,41335152,39931531
experimento,8,vectoradd,8388608,DYNAMIC,16,8,OMP,8,8388608,40417853,53016394
experimento,9,vectoradd,8388608,DYNAMIC,16,8,OMP,8,8388608,41388614,40256276
experimento,10,vectoradd,8388608,DYNAMIC,16,8,OMP,8,8388608,41179225,39989899
experimento,1,vectoradd,8388608,DYNAMIC,32,8,OMP,8,8388608,40043014,38228015
experimento,2,vectoradd,8388608,DYNAMIC,32,8,OMP,8,8388608,40055146,34366572
experimento,3,vectoradd,8388608,DYNAMIC,32,8,OMP,8,8388608,40304009,35769018
experimento,4,vectoradd,8388608,DYNAMIC,32,8,OMP,8,8388608,41342944,34261297
experimento,5,vectoradd,8388608,DYNAMIC,32,8,OMP,8,8388608,52142792,34449290
experimento,6,vectoradd,8388608,DYNAMIC,32,8,OMP,8,8388608,41388103,34894321
experimento,7,vectoradd,8388608,DYNAMIC,32,8,OMP,8,8388608,40106068,33906869
experimento,8,vectoradd,8388608,DYNAMIC,32,8,OMP,8,8388608,40756909,33650540
experimento,9,vectoradd,8388608,DYNAMIC,32,8,OMP,8,8388608,40699866,34144967
experimento,10,vectoradd,8388608,DYNAMIC,32,8,OMP,8,8388608,41413399,37653339
experimento,1,vectoradd,8388608,DYNAMIC,64,8,OMP,8,8388608,40003078,46189517
experimento,2,vectoradd,8388608,DYNAMIC,64,8,OMP,8,8388608,40431494,31126240
experimento,3,vectoradd,8388608,DYNAMIC,64,8,OMP,8,8388608,41178765,31506846
experimento,4,vectoradd,8388608,DYNAMIC,64,8,OMP,8,8388608,41137687,31371346
experimento,5,vectoradd,8388608,DYNAMIC,64,8,OMP,8,8388608,41178675,31350019
experimento,6,vectoradd,8388608,DYNAMIC,64,8,OMP,8,8388608,40812904,35861885
experimento,7,vectoradd,8388608,DYNAMIC,64,8,OMP,8,8388608,40948138,31302459
experimento,8,vectoradd,8388608,DYNAMIC,64,8,OMP,8,8388608,40102720,31924803
experimento,9,vectoradd,8388608,DYNAMIC,64,8,OMP,8,8388608,41165304,31416664
experimento,10,vectoradd,8388608,DYNAMIC,64,8,OMP,8,8388608,40852212,32951077
experimento,1,vectoradd,8388608,DYNAMIC,128,8,OMP,8,8388608,41191307,36786144
experimento,2,vectoradd,8388608,DYNAMIC,128,8,OMP,8,8388608,39883351,35327910
experimento,3,vectoradd,8388608,DYNAMIC,128,8,OMP,8,8388608,41227254,30983797
experimento,4,vectoradd,8388608,DYNAMIC,128,8,OMP,8,8388608,41167487,31771583
experimento,5,vectoradd,8388608,DYNAMIC,128,8,OMP,8,8388608,41258881,42731805
experimento,6,vectoradd,8388608,DYNAMIC,128,8,OMP,8,8388608,42397485,30287550
experimento,7,vectoradd,8388608,DYNAMIC,128,8,OMP,8,8388608,40793093,30389712
experimento,8,vectoradd,8388608,DYNAMIC,128,8,OMP,8,8388608,41074364,30928771
experimento,9,vectoradd,8388608,DYNAMIC,128,8,OMP,8,8388608,40113915,30697796
experimento,10,vectoradd,8388608,DYNAMIC,128,8,OMP,8,8388608,40614133,32267027
experimento,1,vectoradd,8388608,DYNAMIC,256,8,OMP,8,8388608,78113614,49446492
experimento,2,vectoradd,8388608,DYNAMIC,256,8,OMP,8,8388608,40734393,30101510
experimento,3,vectoradd,8388608,DYNAMIC,256,8,OMP,8,8388608,42176240,30136866
experimento,4,vectoradd,8388608,DYNAMIC,256,8,OMP,8,8388608,41088791,30493659
experimento,5,vectoradd,8388608,DYNAMIC,256,8,OMP,8,8388608,41452659,30312990
experimento,6,vectoradd,8388608,DYNAMIC,256,8,OMP,8,8388608,41172119,31347241
experimento,7,vectoradd,8388608,DYNAMIC,256,8,OMP,8,8388608,40479507,29839783
experimento,8,vectoradd,8388608,DYNAMIC,256,8,OMP,8,8388608,41342616,31520315
experimento,9,vectoradd,8388608,DYNAMIC,256,8,OMP,8,8388608,41686420,30135366
experimento,10,vectoradd,8388608,DYNAMIC,256,8,OMP,8,8388608,41331524,30185655
experimento,1,vectoradd,8388608,GUIDED,16,8,OMP,8,8388608,40721783,31765644
experimento,2,vectoradd,8388608,GUIDED,16,8,OMP,8,8388608,40838932,29270890
experimento,3,vectoradd,8388608,GUIDED,16,8,OMP,8,8388608,41206369,29261782
experimento,4,vectoradd,8388608,GUIDED,16,8,OMP,8,8388608,39635571,30001702
experimento,5,vectoradd,8388608,GUIDED,16,8,OMP,8,8388608,41076206,29602381
experimento,6,vectoradd,8388608,GUIDED,16,8,OMP,8,8388608,39836588,29807811
experimento,7,vectoradd,8388608,GUIDED,16,8,OMP,8,8388608,42435915,31769726
experimento,8,vectoradd,8388608,GUIDED,16,8,OMP,8,8388608,41369364,29822679
experimento,9,vectoradd,8388608,GUIDED,16,8,OMP,8,8388608,40707097,30280717
experimento,10,vectoradd,8388608,GUIDED,16,8,OMP,8,8388608,40562150,29796255
experimento,1,vectoradd,8388608,GUIDED,32,8,OMP,8,8388608,39976746,30062114
experimento,2,vectoradd,8388608,GUIDED,32,8,OMP,8,8388608,40619439,29353835
experimento,3,vectoradd,8388608,GUIDED,32,8,OMP,8,8388608,39893117,31766421
experimento,4,vectoradd,8388608,GUIDED,32,8,OMP,8,8388608,41149223,30641634
experimento,5,vectoradd,8388608,GUIDED,32,8,OMP,8,8388608,41078552,32001321
experimento,6,vectoradd,8388608,GUIDED,32,8,OMP,8,8388608,41276396,30201905
experimento,7,vectoradd,8388608,GUIDED,32,8,OMP,8,8388608,40949968,30637618
experimento,8,vectoradd,8388608,GUIDED,32,8,OMP,8,8388608,39926482,29254989
experimento,9,vectoradd,8388608,GUIDED,32,8,OMP,8,8388608,40559817,29687948
experimento,10,vectoradd,8388608,GUIDED,32,8,OMP,8,8388608,39937987,29264076
experimento,1,vectoradd,8388608,GUIDED,64,8,OMP,8,8388608,40876769,29471563
experimento,2,vectoradd,8388608,GUIDED,64,8,OMP,8,8388608,40753560,35146171
experimento,3,vectoradd,8388608,GUIDED,64,8,OMP,8,8388608,41004211,30265594
experimento,4,vectoradd,8388608,GUIDED,64,8,OMP,8,8388608,42027823,29797581
experimento,5,vectoradd,8388608,GUIDED,64,8,OMP,8,8388608,39722050,30797267
experimento,6,vectoradd,8388608,GUIDED,64,8,OMP,8,8388608,39786712,29467525
experimento,7,vectoradd,8388608,GUIDED,64,8,OMP,8,8388608,40773797,30332954
experimento,8,vectoradd,8388608,GUIDED,64,8,OMP,8,8388608,40730410,29218019
experimento,9,vectoradd,8388608,GUIDED,64,8,OMP,8,8388608,40631065,29171562
experimento,10,vectoradd,8388608,GUIDED,64,8,OMP,8,8388608,42203793,29214233
experimento,1,vectoradd,8388608,GUIDED,128,8,OMP,8,8388608,41184986,29013832
experimento,2,vectoradd,8388608,GUIDED,128,8,OMP,8,8388608,40125595,34538321
experimento,3,vectoradd,8388608,GUIDED,128,8,OMP,8,8388608,41278185,30107506
experimento,4,vectoradd,8388608,GUIDED,128,8,OMP,8,8388608,39883679,33403000
experimento,5,vectoradd,8388608,GUIDED,128,8,OMP,8,8388608,40367458,30285618
experimento,6,vectoradd,8388608,GUIDED,128,8,OMP,8,8388608,40596581,29523528
experimento,7,vectoradd,8388608,GUIDED,128,8,OMP,8,8388608,39982209,35139203
experimento,8,vectoradd,8388608,GUIDED,128,8,OMP,8,8388608,40732251,29515012
experimento,9,vectoradd,8388608,GUIDED,128,8,OMP,8,8388608,39888518,29315644
experimento,10,vectoradd,8388608,GUIDED,128,8,OMP,8,8388608,41028888,30780865
experimento,1,vectoradd,8388608,GUIDED,256,8,OMP,8,8388608,52102189,30620890
experimento,2,vectoradd,8388608,GUIDED,256,8,OMP,8,8388608,41117765,29309437
experimento,3,vectoradd,8388608,GUIDED,256,8,OMP,8,8388608,40680633,29264554
experimento,4,vectoradd,8388608,GUIDED,256,8,OMP,8,8388608,40430940,31585379
experimento,5,vectoradd,8388608,GUIDED,256,8,OMP,8,8388608,41578599,29440088
experimento,6,vectoradd,8388608,GUIDED,256,8,OMP,8,8388608,40776035,30639861
experimento,7,vectoradd,8388608,GUIDED,256,8,OMP,8,8388608,40854944,29231568
experimento,8,vectoradd,8388608,GUIDED,256,8,OMP,8,8388608,41228010,30060635
experimento,9,vectoradd,8388608,GUIDED,256,8,OMP,8,8388608,41100484,29395336
experimento,10,vectoradd,8388608,GUIDED,256,8,OMP,8,8388608,41578100,29326341
